Company,BirthDate,Salary,Address,Suburb,State,Post,Phone,Mobile,Email,FullName,SalaryBucket,age
"Brandt, Jonathan F Esq",05/07/1970,"$330,949.2188",171 E 24th St,Leith,TAS,7315,381749123,458665290,rebbecca.didio@didio.com.au,Rebbecca Didio,C,54
Landrum Temporary Services,17/07/1970,"$309,558.5312",22222 Acoma St,Proston,QLD,4613,799973366,497622620,stevie.hallo@hotmail.com,Stevie Hallo,C,54
"Inabinet, Macre Esq",24/01/1970,"$539,508.3750",534 Schoenborn St #51,Hamel,WA,6215,855589019,427885282,mariko_stayer@hotmail.com,Mariko Stayer,C,54
Morris Downing & Sherred,12/06/1970,"$293,515.5000",69206 Jackson Ave,Talmalmo,NSW,2640,260444682,443795912,gerardo_woodka@hotmail.com,Gerardo Woodka,C,54
"Buelt, David L Esq",21/08/1970,"$395,121.2500",808 Glen Cove Ave,Lane Cove,NSW,1595,214556085,453666885,mayra.bena@gmail.com,Mayra Bena,C,54
Artesian Ice & Cold Storage Co,14/12/1970,"$573,376.9375",373 Lafayette St,Cartmeticup,WA,6316,878681355,451966921,idella@hotmail.com,Idella Scotland,C,53
Midway Hotel,05/07/1970,"$896,019.7500",87 Sylvan Ave,Nyamup,WA,6258,865228931,427991688,sklar@hotmail.com,Sherill Klar,C,54
"Selsor, Robert J Esq",13/01/1970,"$863,933.7500",60562 Ky Rt 321,Bendick Murrell,NSW,2803,252269402,415961606,ena_desjardiws@desjardiws.com.au,Ena Desjardiws,C,54
Vincent J Petti & Co,20/05/1970,"$756,980.3125",70 S 18th Pl,Purrawunda,QLD,4356,731849989,411732965,vince_siena@yahoo.com,Vince Siena,C,54
"Prentiss, Paul F Esq ",03/12/1970,"$382,643.3438",8839 Ventura Blvd,Blanchetown,SA,5357,868904661,461862457,tjarding@hotmail.com,Theron Jarding,C,53
Public Works Department,28/02/1970,"$662,504.8125",3684 N Wacker Dr,Rockside,QLD,4343,781353271,478867289,amira.chudej@chudej.net.au,Amira Chudej,C,54
Prudential Lighting Corp,24/01/1970,"$377,295.6875",68828 S 32nd St #6,Rosegarland,TAS,7140,311746817,494982617,marica.tarbor@hotmail.com,Marica Tarbor,C,54
"Wood, J Scott Esq",16/04/1970,"$872,846.5000",43157 Cypress St,Ringwood,QLD,4343,779776039,441255802,shawna.albrough@albrough.com.au,Shawna Albrough,C,54
Swanson Peterson Fnrl Home Inc,14/12/1970,"$106,347.0234",6 S Hanover Ave,Maylands,WA,6931,883448929,420123282,paulina_maker@maker.net.au,Paulina Maker,C,53
Old Cider Mill Grove,27/04/1970,"$924,540.6875",27916 Tarrytown Rd,Wooloowin,QLD,4030,749419471,496441929,rose@jebb.net.au,Rose Jebb,C,54
Cooper Myers Y Co,13/01/1970,"$721,329.1875",79620 Timber Dr,Arthurville,NSW,2820,235187078,431669863,rtabar@hotmail.com,Reita Tabar,C,54
Angelo International,18/10/1970,"$705,286.1875",387 Airway Cir #62,Mapleton,QLD,4560,793877293,448221640,mbewley@yahoo.com,Maybelle Bewley,C,53
"Blackley, William J Pa ",24/01/1970,"$430,772.4062",570 W Pine St,Tuggerawong,NSW,2259,251714345,423446913,camellia_pylant@gmail.com,Camellia Pylant,C,54
Phoenix Phototype,09/08/1970,"$912,062.8125",823 Fishers Ln,Red Hill,ACT,2603,253117778,416394795,rnybo@nybo.net.au,Roy Nybo,C,54
Quartzite Processing Inc,22/11/1970,"$719,546.6250",4 Brookcrest Dr #7786,Inverlaw,QLD,4610,793542612,420575355,albert.sonier@gmail.com,Albert Sonier,C,53
Biltmore Textile Co Inc,06/10/1970,"$844,325.6250",72 Wyoming Ave,Eugowra,NSW,2806,216384380,491976291,htaghon@taghon.net.au,Hayley Taghon,C,54
Gateway Refrigeration,29/07/1970,"$398,686.3750",754 Sammis Ave,Kotara Fair,NSW,2289,253226127,462327613,ndaleo@daleo.net.au,Norah Daleo,C,54
Anchorage Yamaha,18/10/1970,"$314,906.1875",660 N Green St,Burpengary,QLD,4505,764604488,458753924,rosina_sidhu@gmail.com,Rosina Sidhu,C,53
Wynns Precision Inc Az Div,06/10/1970,"$448,597.9688",970 Waterloo Rd,Ellis Beach,QLD,4879,753386357,480443612,royal_costeira@costeira.com.au,Royal Costeira,C,54
Paragon Cable Tv,21/05/1970,"$908,497.6875",4129 Abbott Dr,Fish Creek,VIC,3959,364432786,455270505,bnicley@nicley.com.au,Barrie Nicley,C,54
Eagle Computer Services Inc,08/05/1970,"$316,688.7500",1529 Prince Rodgers Ave,Kennedy,QLD,4816,747853781,433965131,lgedman@gedman.net.au,Linsey Gedman,C,54
Kansas Association Ins Agtts,28/04/1970,"$115,259.8047",2 N Valley Mills Dr,Cape Portland,TAS,7264,365436688,491455112,laura.bourbonnais@yahoo.com,Laura Bourbonnais,C,54
"Di Giacomo, Richard F Esq",30/10/1970,"$339,862.0000",50968 Kurtz St #45,Warra,QLD,4411,737219123,465778983,fstoneking@hotmail.com,Fanny Stoneking,C,53
"Butler, Frank B Esq",21/11/1970,"$216,865.5625",71585 S Ayon Ave #9,Wanguri,NT,810,827481250,442982316,kristian@yahoo.com,Kristian Ellerbusch,C,53
Alphagraphics Printshops,29/10/1970,"$780,153.5625",8 Old County Rd #3,Alvie,VIC,3249,370636734,465547766,gjulye@hotmail.com,Gwen Julye,C,53
Voyager Travel Service,12/06/1970,"$851,455.8750",13904 S 35th St,Wherrol Flat,NSW,2429,281719051,462648621,ben.majorga@hotmail.com,Ben Majorga,C,54
N Amer Plast & Chemls Co Inc,15/12/1970,"$302,428.2812",6149 Kapiolani Blvd #6,Placid Hills,QLD,4343,711538567,460377727,trina@oto.com.au,Trina Oto,C,53
D L Downing General Contr Inc,13/06/1970,"$833,630.2500",95431 34th Ave #62,Nedlands,WA,6909,870973947,454643433,emelda.geffers@gmail.com,Emelda Geffers,C,54
Community Insurance Agy Inc,01/06/1970,"$855,020.9375",25 Swift Ave,Auchenflower,QLD,4066,779918880,430656502,zana_ploszaj@ploszaj.net.au,Zana Ploszaj,C,54
House Of Ing,17/07/1970,"$152,693.5000",14304 Old Alexandria Ferry Rd,Buninyong,VIC,3357,389985485,498627281,shaun.rael@rael.com.au,Shaun Rael,C,54
Vei Inc,29/07/1970,"$733,807.0625",1585 Salem Church Rd #59,Dangar Island,NSW,2083,250461307,495838492,olobosco@hotmail.com,Oren Lobosco,C,54
"Hanna, Robert J Esq",24/06/1970,"$591,202.5000",75962 E Drinker St,Sunny Nook,QLD,4605,764761399,444150950,caguele@gmail.com,Catherin Aguele,C,54
Design Rite Homes Inc,01/09/1970,"$489,596.7812",8978 W Henrietta Rd,Minden,QLD,4311,744637223,462627260,pboudrie@boudrie.net.au,Pearlene Boudrie,C,54
State Library,28/07/1970,"$191,909.7500",86 Worth St #272,Tibradden,WA,6532,830712258,455699311,kathryn.bonalumi@yahoo.com,Kathryn Bonalumi,C,54
Vista Grande Baptist Church,09/11/1970,"$320,253.8750",15 Campville Rd #191,Clermont,QLD,4721,715761412,471251939,suzan.landa@gmail.com,Suzan Landa,C,53
Poole Publications Inc,12/06/1970,"$184,779.5312",3 N Ridge Ave,Kadina,SA,5554,891303372,486599199,sagar@agar.net.au,Sommer Agar,C,54
Affilated Consulting Group Inc,20/08/1970,"$441,467.7500",3713 Poway Rd,Sawtell,NSW,2452,249723570,468708802,krebich@rebich.net.au,Keena Rebich,C,54
Northwestern Mutual Life Ins,24/01/1970,"$528,813.0000",1 E 17th St,East Gosford,NSW,2250,271602066,489430358,rupert_hinkson@hinkson.net.au,Rupert Hinkson,C,54
Barrett Burke Wilson Castl,12/01/1970,"$701,721.0625",5 Liberty Ave,Fosterville,VIC,3557,326911298,419138629,apoarch@gmail.com,Aleta Poarch,C,54
Helricks Inc,03/04/1970,"$532,378.1250",404 Broxton Ave,Bateau Bay,NSW,2261,238779654,427970674,jamal_korczynski@gmail.com,Jamal Korczynski,C,54
"Wynn, Mary Ellen Esq",21/08/1970,"$792,631.4375",4 S Main St #285,Glenmoral,QLD,4719,726791774,416525908,luz_broccoli@hotmail.com,Luz Broccoli,C,54
Mackraft Signs,22/11/1970,"$696,373.3750",1255 W Passaic St #1553,Bolivia,NSW,2372,223676845,410358989,janessa@yahoo.com,Janessa Ruthers,C,53
Ansaring Answering Service,01/09/1970,"$760,545.4375",377 Excalibur Dr,East Melbourne,VIC,3002,334742120,444359546,lavonne.esco@yahoo.com,Lavonne Esco,C,54
Joiner & Goudeau Law Offices,25/09/1970,"$512,770.0312",7 Wilshire Blvd,Taringa,QLD,4068,780872603,411717109,honey_lymaster@lymaster.net.au,Honey Lymaster,C,54
"Cox, J Thomas Jr ",31/05/1970,"$527,030.5000",7 Hugh Wallis Rd,Koolan Island,WA,6733,852632786,448530536,jean.cecchinato@gmail.com,Jean Cecchinato,C,54
"Bill, Michael M",03/12/1970,"$493,161.8750",7177 E 14th St,Maleny,QLD,4552,717789968,465519356,kflitcroft@hotmail.com,Katlyn Flitcroft,C,53
A B C Tank Co,03/04/1970,"$787,283.8125",67765 W 11th St,Yelverton,WA,6280,826666390,423281356,csoros@gmail.com,Cassie Soros,C,54
"Jolley, Mark A Cpa",10/11/1970,"$379,078.2500",99968 Merced St #79,Flinders,NSW,2529,244582810,482882653,rolf_gene@gene.com.au,Rolf Gene,C,53
Melco Embroidery Systems,24/01/1970,"$874,629.0625",40 E 19th Ave,Empire Bay,NSW,2257,239969188,419656117,darnell_moothart@yahoo.com,Darnell Moothart,C,54
Witchs Brew,17/10/1970,"$436,120.0625",84826 Plaza Dr,Rose Bay North,NSW,2030,248731914,468743337,cherilyn_fraize@fraize.net.au,Cherilyn Fraize,C,53
Funding Equity Corp,28/04/1970,"$455,728.1875",20214 W Main St,Macks Creek,VIC,3971,349334205,472315303,lynda.lazzaro@gmail.com,Lynda Lazzaro,C,54
Saturn Of Delray,10/08/1970,"$691,025.6875",8039 Howard Ave,East Toowoomba,QLD,4350,748239785,432580634,leigha.capelli@capelli.com.au,Leigha Capelli,C,54
Motel 6,01/06/1970,"$88,521.4531",8 Austin Bluffs Pky,Bimbijy,WA,6472,836925784,460951322,delfina_binnie@binnie.net.au,Delfina Binnie,B,54
Ultimate In Womens Apparel The,09/08/1970,"$223,995.7812",96605 Pioneer Rd,Kundabung,NSW,2441,250784389,415230654,carlota.gephardt@gephardt.com.au,Carlota Gephardt,C,54
"Ballinger, Maria Chan Esq",09/05/1970,"$252,516.7031",6 Hope Rd #10,Pinnacle,QLD,4741,716423251,412699567,alida@helger.com.au,Alida Helger,C,54
N E Industrial Distr Inc,27/04/1970,"$259,646.9219",65898 E St Nw,Watsonville,QLD,4887,723736048,478459448,donte.resureccion@yahoo.com,Donte Resureccion,C,54
"Joondeph, Jerome J Esq",17/02/1970,"$268,559.7188",39 Broad St,Seaforth,NSW,2092,273283350,496387592,lou.kriner@hotmail.com,Lou Kriner,C,54
Art In Forms,17/07/1970,"$127,737.7031",654 Seguine Ave,White Hills,TAS,7258,319816209,430222319,dortha@vrieze.net.au,Dortha Vrieze,C,54
Central Hudson Ent Corp,15/04/1970,"$796,196.5625",78 31st St,Bellangry,NSW,2446,262465711,431413930,genevive@hotmail.com,Genevive Sanborn,C,54
"Marscher, William F Iii",16/04/1970,"$660,722.2500",35673 Annapolis Rd #190,Ascot,QLD,4359,737601546,497868525,alease_strawbridge@strawbridge.com.au,Alease Strawbridge,C,54
"Smith, Sean O Esq",13/01/1970,"$680,330.3750",98247 Russell Blvd,Stafford Heights,QLD,4053,760342422,474823917,veda.mishkin@mishkin.com.au,Veda Mishkin,C,54
Maverik Country Stores Inc,05/02/1970,"$428,989.8438",3 S Willow St #82,Bygalorie,NSW,2669,254877528,492408109,craig_vandersloot@yahoo.com,Craig Vandersloot,C,54
United Christian Cmnty Crdt Un,13/06/1970,"$830,065.1875",199 Maple Ave,Boolaroo,NSW,2284,225465344,459680488,ltovmasyan@tovmasyan.net.au,Lauran Tovmasyan,C,54
"Radecker, H Philip Jr",05/07/1970,"$885,324.4375",423 S Navajo St #56,Brookhill,QLD,4816,798964827,473600733,aaron_kloska@kloska.net.au,Aaron Kloska,C,54
"Cullen, Jack J Esq",13/01/1970,"$284,602.7188",5 30w W #3083,Hillston,NSW,2675,259413178,485944417,francene.skursky@skursky.net.au,Francene Skursky,C,54
Kszl Am Radio,16/04/1970,"$209,735.3281",57245 W Union Blvd #25,Ivanhoe East,VIC,3079,328228156,466820981,zdaria@gmail.com,Zena Daria,C,54
"Blewett, Yvonne S",21/11/1970,"$878,194.1875",971 Northwest Blvd,Caniambo,VIC,3630,357223451,462308800,brigette@breckenstein.com.au,Brigette Breckenstein,C,53
Sheraton Inn Atlanta Northwest,02/12/1970,"$764,110.5625",1089 Pacific Coast Hwy,Myrniong,VIC,3341,332685102,493644827,jeniffer@gmail.com,Jeniffer Jezek,C,53
"Preston, Anne M Esq",21/05/1970,"$332,731.7500",6787 Emerson St,Woolamai,VIC,3995,391839493,418581770,selm@elm.net.au,Selma Elm,C,54
A & A Custom Rubber Stamps,20/05/1970,"$402,251.4688",8 Middletown Blvd #708,Wardering,WA,6311,856713318,481367908,ehandler@yahoo.com,Elenora Handler,C,54
"Hirsch, Walter W Esq",26/04/1970,"$771,240.8125",56 Tank Farm Rd,Kukerin,WA,6352,897462341,424801736,nadine.okojie@okojie.com.au,Nadine Okojie,C,54
"Jones, Peter B Esq",16/02/1970,"$655,374.5625",503 Fulford Ave,Somers,VIC,3927,345297210,488223788,kristin@hotmail.com,Kristin Shiflet,C,54
Sterling Institute,21/05/1970,"$740,937.3125",8275 Calle De Industrias,Wayatinah,TAS,7140,343873800,493258647,melinda_fellhauer@fellhauer.com.au,Melinda Fellhauer,C,54
Cross Western Store,26/12/1970,"$307,775.9688",92 South St,Alligator Creek,QLD,4740,752843845,480676186,kirby.litherland@hotmail.com,Kirby Litherland,C,53
Demer Normann Smith Ltd,06/07/1970,"$304,210.8438",56710 Euclid Ave,Camp Mountain,QLD,4520,786614016,429746524,kent_ivans@yahoo.com,Kent Ivans,C,54
Ny Stat Trial Lawyers Assn,05/02/1970,"$580,507.1875",5210 E Airy St #2,Brandy Creek,QLD,4800,743061623,441978907,dan_platz@hotmail.com,Dan Platz,C,54
"Mann, Charles E Esq",07/10/1970,"$730,242.0000",31 Schuyler Ave,Sovereign Hill,VIC,3350,360232680,410688713,millie_pirkl@gmail.com,Millie Pirkl,C,54
Airnetics Engineering Co,01/09/1970,"$386,208.4688",661 Plummer St #963,Arno Bay,SA,5603,876874883,471106909,moira.qadir@gmail.com,Moira Qadir,C,54
American Pie Co Inc,28/02/1970,"$762,328.0000",1351 Simpson St,Maffra,VIC,3860,319749948,446105779,reta.qazi@yahoo.com,Reta Qazi,C,54
Brown Chiropractic,06/07/1970,"$910,280.2500",2391 Pacific Blvd,Ulverstone,TAS,7315,340727094,451120660,brittney@lolley.net.au,Brittney Lolley,C,54
Classic Video Duplication Inc,27/04/1970,"$175,866.7500",1886 2nd Ave,Wattle Hill,TAS,7172,381574609,413530467,leandro_bolka@hotmail.com,Leandro Bolka,C,54
Mcclier Corp,21/08/1970,"$559,116.5000",52404 S Clinton Ave,Bower,SA,5374,891141763,463377181,edison.sumera@sumera.net.au,Edison Sumera,C,54
Gormley Lore Murphy,16/04/1970,"$457,510.7500",405 W Lee St,Stonehaven,VIC,3221,323058627,495644883,breana@yahoo.com,Breana Cassi,C,54
Thudium Mail Advg Company,16/04/1970,"$648,244.3750",5656 N Fiesta Blvd,East Newdegate,WA,6355,821175217,436246951,jarvis@gmail.com,Jarvis Nicols,C,54
Jen E Distributing Co,06/07/1970,"$443,250.2812",9 Beverly Rd #5,Emerald,VIC,3782,324511896,444326506,felicitas_orlinski@orlinski.com.au,Felicitas Orlinski,C,54
Re/max Realty Services,01/09/1970,"$273,907.3750",96 Armitage Ave,Katunga,VIC,3640,382432999,440707817,geraldine@gmail.com,Geraldine Neisius,C,54
Roundys Pole Fence Co,21/05/1970,"$794,414.0000",523 N Prince St,Willunga,SA,5172,894507978,453896533,alfred@pacleb.net.au,Alfred Pacleb,C,54
Chadds Ford Winery,10/11/1970,"$81,391.2266",6926 Orange Ave,Two Rocks,WA,6037,876358350,445211162,leatha_block@gmail.com,Leatha Block,B,53
"Barragar, Anne L Esq",17/07/1970,"$890,672.1250",6940 Prospect Pl,Caldwell,NSW,2710,245656425,464763350,jacquelyne.rosso@yahoo.com,Jacquelyne Rosso,C,54
Kvoo Radio,11/03/1970,"$109,912.1328",52347 San Fernando Rd,Coppabella,QLD,4741,780858351,461339731,jepps@hotmail.com,Jonelle Epps,C,54
"Donovan, William P Esq",18/07/1970,"$838,977.9375",5399 Mcwhorter Rd,Calala,NSW,2340,280075034,438251615,rosamond.amlin@gmail.com,Rosamond Amlin,C,54
Overseas General Business Co,08/05/1970,"$708,851.3125",7 Hall St,Nambucca Heads,NSW,2448,217184983,446721262,johnson@gmail.com,Johnson Mcenery,C,54
Nilad Machining,24/06/1970,"$694,590.8125",5 W Allen St,Mccullys Gap,NSW,2333,236479507,481878290,elliot.scatton@hotmail.com,Elliot Scatton,C,54
"Byrne, Beth Hobbs",12/03/1970,"$193,692.3125",15126 Goldenwest St,Toowoomba South,QLD,4350,760197861,416887937,gerri@yahoo.com,Gerri Perra,C,54
"Dileo, Lucille A Esq",24/09/1970,"$899,584.8750",94 I 55s S,Applecross,WA,6953,877124785,477239199,rosendo_jelsma@hotmail.com,Rosendo Jelsma,C,54
First Express,27/04/1970,"$134,867.9375",288 N 168th Ave #266,Camberwell West,VIC,3124,395179800,463242525,eveline@yahoo.com,Eveline Brickhouse,C,54
Elbin Internatl Baskets,27/04/1970,"$389,773.5938",5 Richmond Ct,North Perth,WA,6906,829692908,468234875,laurene_bennett@gmail.com,Laurene Bennett,C,54
Multiform Business Printing,21/08/1970,"$282,820.1562",28 Aaronwood Ave Ne,Coombell,NSW,2470,266049720,499760910,tegan_ebershoff@hotmail.com,Tegan Ebershoff,C,54
Jin Shin Travel Agency,16/04/1970,"$628,636.2500",39701 6th Ave #1485,Pacific Heights,QLD,4703,719516787,494620234,thuro@gmail.com,Tracie Huro,C,54
Electra Gear Divsn Regal,20/05/1970,"$99,216.7969",35662 S University Blvd,Guildford,WA,6935,854756162,446422535,mertie.kazeck@kazeck.com.au,Mertie Kazeck,B,54
Sparta Home Center,06/10/1970,"$250,734.1406",73 Dennison St #70,Herron,WA,6210,892566135,423874910,clare_bortignon@hotmail.com,Clare Bortignon,C,54
R A C E Enterprises Inc,17/02/1970,"$473,553.7500",9591 Bayshore Rd #637,Mirrool,NSW,2665,270497728,486736129,rebeca_baley@hotmail.com,Rebeca Baley,C,54
Jersey Wholesale Fence Co Inc,21/11/1970,"$190,127.2031",57 N Weinbach Ave,Bundaberg West,QLD,4670,789978513,486504582,npawell@pawell.net.au,Nilsa Pawell,C,53
"Ryan, Barry M Esq",13/09/1970,"$400,468.9375",286 Santa Rosa Ave,Lane Cove,NSW,1595,279956787,446710661,samuel.arellanes@arellanes.net.au,Samuel Arellanes,C,54
"Albright, Alexandra W Esq",05/02/1970,"$72,478.4375",446 Woodward Ave #1,Reservoir,VIC,3073,398019429,488109742,ivette_servantes@servantes.com.au,Ivette Servantes,B,54
Gazette Record,12/01/1970,"$610,810.6250",1 Jenks Ave,Upper Kedron,QLD,4055,791041459,489493308,merrilee@fajen.net.au,Merrilee Fajen,C,54
Cochnower Pest Control,11/03/1970,"$498,509.5625",7 Valley Blvd,Buchan,VIC,3885,343285253,418994884,gianna@yahoo.com,Gianna Eilers,C,54
Als Village Stationers,23/06/1970,"$587,637.4375",42741 Anania Dr,Beltana,SA,5730,857569456,446460955,hphinazee@yahoo.com,Hyman Phinazee,C,54
A B C Pattern & Foundry Co,10/08/1970,"$846,108.1875",5 Shakespeare Ave,Kingswood,SA,5062,892791731,453818566,buck@yahoo.com,Buck Pascucci,C,54
Gaddis Court Reporting,23/03/1970,"$824,717.5000",245 5th Ave,Nicholls Rivulet,TAS,7112,362408274,486712822,kenny@leicht.com.au,Kenny Leicht,C,54
Howard Johnson,17/07/1970,"$692,808.2500",2 Gateway Ctr,Upper Mount Gravatt,QLD,4122,768136477,438141107,tabetha.bai@gmail.com,Tabetha Bai,C,54
Sunrise Cirby Animal Hospital,28/04/1970,"$523,465.3438",3175 Northwestern Hwy,Ridgley,TAS,7321,370367071,448235525,alonso_popper@hotmail.com,Alonso Popper,C,54
Braid Electric Co,06/10/1970,"$667,852.5000",8 S Plaza Dr,Tubbut,VIC,3888,324037167,419100429,alonzo_polek@polek.net.au,Alonzo Polek,C,54
"Lisko, Roy K Esq",11/03/1970,"$70,695.8828",8 Collins Ave,Collingullie,NSW,2650,223767653,446520807,son.magnotta@magnotta.net.au,Son Magnotta,B,54
House Of Ing,05/02/1970,"$459,293.3125",9526 Lincoln St,Munno Para,SA,5115,836053943,424741530,jesusita@druck.net.au,Jesusita Druck,C,54
"Hassanein, Nesa E Esq",31/05/1970,"$682,112.9375",406 E 4th St,Tyagarah,NSW,2481,267696153,449775616,annice_kunich@kunich.net.au,Annice Kunich,C,54
Frasier Karen L Kolligs,23/03/1970,"$753,415.1875",361 Via Colinas,Redgate,WA,6286,817917668,454544286,delila.buchman@hotmail.com,Delila Buchman,C,54
Arc Of Montgomery County Inc,25/09/1970,"$179,431.8594",94 S Jefferson Rd,Modewarre,VIC,3240,348125654,490625307,iraida.sionesini@yahoo.com,Iraida Sionesini,C,54
"Redington, Thomas P Esq",10/08/1970,"$370,165.4688",8961 S Central Expy,Stirling Range National Park,WA,6338,867774159,428176191,alona_driesenga@hotmail.com,Alona Driesenga,C,54
Milwaukee Courier Inc,05/07/1970,"$350,557.3438",7 Wiley Post Way,Trowutta,TAS,7330,356612424,430111686,lajuana.vonderahe@yahoo.com,Lajuana Vonderahe,C,54
Mervis Steel Co,09/11/1970,"$553,768.8125",60 S 4th St,Rouse Hill,NSW,2155,221298131,413115438,madelyn.maestri@yahoo.com,Madelyn Maestri,C,53
M Sorkin Sanford Associates,23/06/1970,"$63,565.6523",6 Lafayette St #3034,Wyandra,QLD,4489,750354889,489594290,louann_susmilch@yahoo.com,Louann Susmilch,B,54
Low Country Kitchen & Bath,28/04/1970,"$478,901.4375",35 Jefferson Ave,Goondi Hill,QLD,4860,749635297,485183917,wdevol@devol.net.au,William Devol,C,54
Spieker Properties,17/07/1970,"$917,410.4375",3492 88th St,Hill River,WA,6521,816247236,481500964,cgrafenstein@gmail.com,Corazon Grafenstein,C,54
Walker & Brehn Pa,26/12/1970,"$505,639.7812",20 Sw 28th Ter,Fairview Park,SA,5126,891597562,472806350,fairy_burket@burket.com.au,Fairy Burket,C,53
U Stor,07/10/1970,"$423,642.1562",6 Argyle Rd,Bar Beach,NSW,2300,247946673,436337750,lurion@yahoo.com,Lashawn Urion,C,54
"Moorhead, Michael D Esq",21/08/1970,"$211,517.8906",438 E Reynolds Rd #239,University Of Tasmania,TAS,7005,377349557,499737220,rgayner@hotmail.com,Ronald Gayner,C,54
R M Sloan Co Inc,29/07/1970,"$122,390.0312",47 Hall St,Regent West,VIC,3072,322979891,456480906,shayduk@gmail.com,Shizue Hayduk,C,54
Star Limousine,29/10/1970,"$635,766.4375",17720 Beach Blvd,Oxley,QLD,4075,774452572,473495435,nfitz@hotmail.com,Nida Fitz,C,53
Pioneer Telephone Paging,24/06/1970,"$519,900.2500",8 2nd St,Don,TAS,7310,345399131,492444651,alimberg@limberg.com.au,Amos Limberg,C,54
Communication Buildings Amer,12/03/1970,"$751,632.6250",490 Court St,Nyora,VIC,3987,324546523,472707132,dexter@prosienski.net.au,Dexter Prosienski,C,54
Components & Equipment Co,24/01/1970,"$172,301.6250",1456 Hill Rd,Croydon,QLD,4871,753784498,482267844,lcalamarino@yahoo.com,Ludivina Calamarino,C,54
Grand Rapids Right To Life,26/12/1970,"$67,130.7656",6 7th St,Scottsdale,TAS,7260,365104788,441579823,ariel_stavely@stavely.com.au,Ariel Stavely,B,53
Martin Nighswander & Mitchell,01/09/1970,"$617,940.8750",29 Nottingham Way #926,Montrose,VIC,3765,370356484,430736276,haley_vaughn@vaughn.net.au,Haley Vaughn,C,54
Barter Systems Inc,29/10/1970,"$666,069.9375",8818 Century Park E #33,Oak Park,VIC,3046,348781766,463745755,raelene@gmail.com,Raelene Legeyt,C,53
W R Grace & Co,28/02/1970,"$182,996.9688",4 Commerce Center Dr,Nailsworth,SA,5083,888568589,451514152,micaela_shiflett@shiflett.com.au,Micaela Shiflett,C,54
"Davis, J Mark Esq",16/07/1970,"$281,037.5938",979 S La Cienega Blvd #627,Tarong,QLD,4615,790538045,464687686,aprudhomme@hotmail.com,Alpha Prudhomme,C,54
Roswell Honda Partners,23/06/1970,"$341,644.5312",9181 E 26th St,Kensington Park,SA,5068,899482940,414749850,zwarman@gmail.com,Zack Warman,C,54
Era Mclachlan John Morgan Real,13/09/1970,"$450,380.5312",8855 North Ave,Ashmore,QLD,4214,774452538,445797121,wilford_pata@pata.net.au,Wilford Pata,C,54
"Vaughan, James J Esq",21/11/1970,"$90,304.0078",4 Spinning Wheel Ln,Granya,VIC,3701,315709956,420704683,carman_robasciotti@hotmail.com,Carman Robasciotti,B,53
Wzyx 1440 Am,06/10/1970,"$466,423.5312",5905 S 32nd St,Alexandra,VIC,3714,388587088,475926458,carylon@gmail.com,Carylon Bayot,C,54
Amercn Spdy Printg Ctrs Ocala,01/09/1970,"$396,903.8125",514 Glenn Way,Wirrulla,SA,5661,845642338,410812931,gschmale@schmale.net.au,Gladys Schmale,C,54
A & D Pallet Co,25/09/1970,"$92,086.5625",708 S Wilson Way,Weymouth,TAS,7252,311305685,481222272,matilda.peleg@hotmail.com,Matilda Peleg,B,54
Nationwide Insurance,16/04/1970,"$817,587.2500",16949 Harristown Rd,Summer Hill,NSW,2287,262878787,434382805,jacklyn@hotmail.com,Jacklyn Wojnar,C,54
"Gallagher, Owen Esq",17/07/1970,"$589,419.9375",9 13th Ave S,Shailer Park,QLD,4128,776595711,450769383,tashia.charney@charney.net.au,Tashia Charney,C,54
Thomas Somerville Co,31/05/1970,"$427,207.2812",1 Rock Island Rd #8,Bell,NSW,2786,277396600,428946162,deischens@gmail.com,Dorian Eischens,C,54
Unr Rohn,16/04/1970,"$477,118.8750",1554 Bracken Crk,Licola,VIC,3858,393419757,492739675,jesus_merkt@merkt.net.au,Jesus Merkt,C,54
Cath Lea For Relig & Cvl Rgts,18/07/1970,"$534,160.6875",7 10th St W,Walyormouring,WA,6460,836145966,419644936,brandee_svoboda@svoboda.net.au,Brandee Svoboda,C,54
Eagles Nest,28/07/1970,"$199,039.9844",9 Cron Hill Dr,Boronia,VIC,3155,314658645,416330811,emcquaide@yahoo.com,Edda Mcquaide,C,54
Epsilon Products Company,04/04/1970,"$865,716.3125",82 Tremont St #4,Baddaginnie,VIC,3670,314313996,485718212,felix.bumby@bumby.com.au,Felix Bumby,C,54
"Anderson, Julie A Esq",25/01/1970,"$404,034.0312",30024 Whipple Ave Nw,Berrilee,NSW,2159,279689243,441733809,ben_kellman@kellman.net.au,Ben Kellman,C,54
Oakey & Oakey Abstrct Burnett,02/09/1970,"$626,853.6875",900 W Wood St,Barmaryee,QLD,4703,776475420,499576666,mickie.upton@yahoo.com,Mickie Upton,C,54
Pacific Scientific Co,12/09/1970,"$469,988.6562",847 Norristown Rd,Longford,TAS,7301,396175392,417815258,pkrome@yahoo.com,Phung Krome,C,54
"Krausert, Diane D Esq",24/01/1970,"$279,255.0625",667 S Highland Dr #4,Simson,VIC,3465,398387533,491793730,lashonda@langanke.net.au,Lashonda Langanke,C,54
Blaney Sheet Metal,27/04/1970,"$149,128.3906",21 W 2nd St,Killabakh,NSW,2429,265223993,493319728,patria.popa@gmail.com,Patria Popa,C,54
"Goodknight, David R",25/09/1970,"$484,249.0938",2 W Henrietta Rd #6,Paluma,QLD,4816,784418214,437170488,nidia@gmail.com,Nidia Horr,C,54
Sullivan & Associates Ltd,21/11/1970,"$746,285.0000",82655 Shawnee Mission Pky #5798,Barnawartha,VIC,3688,390753104,451601420,skye_culcasi@hotmail.com,Skye Culcasi,C,53
American Board Of Surgery,28/02/1970,"$550,203.6875",9 Taylor Ave,Holwell,TAS,7275,329218418,423358965,kreyelts@yahoo.com,Kanisha Reyelts,C,54
Vernon Manor Hotel,29/10/1970,"$503,857.2188",62 J St #450,Combienbar,VIC,3889,330178394,438431666,hector.barras@barras.com.au,Hector Barras,C,53
Keith Altizer & Company Pa,29/10/1970,"$641,114.1250",2 Pennington St,Port Adelaide,SA,5015,845636214,495777435,stefan_mongolo@mongolo.net.au,Stefan Mongolo,C,53
H P Stran & Co,05/02/1970,"$111,694.6953",5496 Ne Columbia Blvd,Klemzig,SA,5087,839149404,430357187,francoise@hotmail.com,Francoise Byon,C,54
Southern National Bank S Car,14/12/1970,"$166,953.9531",4244 Lucas Creek Rd,Emu Park,QLD,4710,794079202,417325352,lindy@vandermeer.com.au,Lindy Vandermeer,C,53
American Western Mortgage,16/04/1970,"$879,976.7500",79819 Palmetto Ave,Travancore,VIC,3032,325173453,429206122,arthur@gmail.com,Arthur Diniz,C,54
Oxner Vallerie,18/10/1970,"$247,169.0312",7 N Glenn Rd,Whetstone,QLD,4387,771444719,476915729,nicholle_hulme@hulme.com.au,Nicholle Hulme,C,53
Rochelle Cold Storage,05/02/1970,"$507,422.3438",61 Center St #8,Corella,QLD,4570,714159307,444393673,tijuana_mesch@gmail.com,Tijuana Mesch,C,54
Mail Boxes Etc,21/05/1970,"$555,551.3750",562 Nw Cornell Rd,Humpty Doo,NT,836,880817779,445830408,lorenza.schoenleber@schoenleber.com.au,Lorenza Schoenleber,C,54
Xandex Inc,17/02/1970,"$822,934.9375",48 General George Patton Dr #8611,Goode Beach,WA,6330,823255905,482635206,ibaird@baird.net.au,Iola Baird,C,54
"Hander, Deborah G Esq",09/05/1970,"$145,563.2812",9 W Passaic St,Heidelberg Rgh,VIC,3081,389125755,419565485,sweigner@gmail.com,Sang Weigner,C,54
Vinco Furniture Inc,18/10/1970,"$236,473.6875",968 Delaware Ave,Waterloo,NSW,2017,274638776,466155348,lprez@prez.com.au,Leonor Prez,C,53
Stamp House,25/01/1970,"$712,416.3750",548 Charmonie Ln,Minyip,VIC,3392,351756193,489343254,swhelpley@yahoo.com,Silvana Whelpley,C,54
Burton & Davis,10/11/1970,"$346,992.2188",91114 Grand Ave,Hunchy,QLD,4555,770928542,495801419,anthony.stever@hotmail.com,Anthony Stever,C,53
"Maier, Kristine M",30/10/1970,"$901,367.4375",44 Bush St,Grosvenor Place,NSW,1220,228321545,439849209,wenona@gmail.com,Wenona Carmel,C,53
J M Edmunds Co Inc,13/01/1970,"$357,687.5625",6 Mahler Rd,Pacific Paradise,QLD,4564,795956042,412855847,iyurick@hotmail.com,Isadora Yurick,C,54
Art Concepts,09/08/1970,"$724,894.3125",1 E Main St,Hungerford,QLD,4493,757698004,467531601,mose_vonseggern@hotmail.com,Mose Vonseggern,C,54
"Richards, Don R Esq",02/09/1970,"$305,993.4062",58 State St #998,Boya,WA,6056,833423889,447443927,marci.aveline@hotmail.com,Marci Aveline,C,54
B & B Environmental Inc,15/12/1970,"$84,956.3359",11408 Green St,Elizabeth West,SA,5113,861839260,481466206,michel@hoyne.com.au,Michel Hoyne,B,53
Printing Delite,20/05/1970,"$86,738.8984",297 8th Ave S #9,Gumly Gumly,NSW,2652,257255992,416443185,stephania.connon@connon.com.au,Stephania Connon,B,54
Weil Mclain Co,27/04/1970,"$412,946.8125",1 Wyckoff Ave,Wilmington,SA,5485,847355054,430400899,cturk@yahoo.com,Charolette Turk,C,54
"Jones, Andrew D Esq",24/01/1970,"$707,068.7500",8 E North Ave,Pagewood,NSW,2035,272659702,439832641,katie_magro@gmail.com,Katie Magro,C,54
South Adams Savings Bank,21/11/1970,"$678,547.8125",13386 Tamarco Dr #20,Tawonga,VIC,3697,362682647,482712669,inocencia.angeron@angeron.net.au,Inocencia Angeron,C,53
Universal Granite & Marble Inc,12/03/1970,"$603,680.4375",70 W Market St #20,Hamlyn Heights,VIC,3215,357161053,470886805,nikita_novosel@novosel.net.au,Nikita Novosel,C,54
Imagelink,26/12/1970,"$783,718.6875",53247 Montgomery St #36,Southtown,QLD,4350,798263950,450887422,malcolm@yahoo.com,Malcolm Gohlke,C,53
Wrrr Fm,03/12/1970,"$883,541.8750",9495 Central Hwy #66,East Bowes,WA,6535,852894594,414731630,denglund@gmail.com,Desiree Englund,C,53
Lord Aeck & Sargent Architects,17/10/1970,"$453,945.6250",2 Route 9,Blue Haven,NSW,2262,298859593,469808491,holley.worland@hotmail.com,Holley Worland,C,53
Dalbec Agency Inc,13/01/1970,"$812,239.5625",75700 Academy Rd,Cramphorne,WA,6420,815204093,479474917,mtates@yahoo.com,Maryann Tates,C,54
Reese Press Inc,12/09/1970,"$749,850.1250",6 Monte Ave,Beelbi Creek,QLD,4659,713306750,444175406,ling_dibello@yahoo.com,Ling Dibello,C,54
"Stokes, Fred J Esq",27/04/1970,"$97,434.2344",5 France Ave S,Tanbar,QLD,4481,737991667,443979875,hailey_kopet@kopet.com.au,Hailey Kopet,B,54
"Slachter, David Esq",24/01/1970,"$65,348.2109",803 Tupper Ln,Ringwood,VIC,3134,371396376,472511112,farrah@malboeuf.com.au,Farrah Malboeuf,B,54
Girling Health Care Inc,21/05/1970,"$735,589.6250",43 Nolan St,Battery Point,TAS,7004,342313633,439769439,candra@deritis.net.au,Candra Deritis,C,54
Welders Supply Service Inc,28/02/1970,"$607,245.5625",6 W 39th St,Milton,NSW,2538,214025215,489476500,reuben@yahoo.com,Reuben Hegland,C,54
"Engelbrecht, William H Esq",01/09/1970,"$343,427.0938",910 21st St,Laura,QLD,4871,732392830,442946694,anglea.andrion@andrion.com.au,Anglea Andrion,C,54
Nancy Brandon Realtor,15/04/1970,"$537,725.8125",2677 S Jackson St,Kidman Park,SA,5025,888682010,417281870,paris.tuccio@hotmail.com,Paris Tuccio,C,54
Flanagan Lieberman Hoffman,06/10/1970,"$922,758.1250",6 Central Ave #4,Woodville,SA,5011,854443296,459945995,latricia_schmoyer@hotmail.com,Latricia Schmoyer,C,54
Walter W Lawrence Ink,27/04/1970,"$860,368.6250",564 Almeria Ave #7474,Pedler Creek,SA,5171,812674421,436612609,jleuenberger@yahoo.com,Jeffrey Leuenberger,C,54
Ship It Packaging Inc,18/10/1970,"$557,333.9375",4 Grand St,Muckleford South,VIC,3462,367761146,492559630,dvollstedt@vollstedt.com.au,Dean Vollstedt,C,53
Malsbary Mfg Co,01/03/1970,"$380,860.8125",9 Hamilton Blvd #299,Sydney South,NSW,1235,297182944,453828758,dhaag@hotmail.com,Deane Haag,C,54
Independence Marine Corp,04/12/1970,"$842,543.0625",50638 Northwest Blvd,Bandy Creek,WA,6450,884843223,454458365,edelmira_pedregon@hotmail.com,Edelmira Pedregon,C,53
Anthonys,03/12/1970,"$334,514.3125",51 Bridge Ave,Carwarp,VIC,3494,352513153,499155325,andrew@gmail.com,Andrew Keks,C,53
L M H Inc,24/09/1970,"$83,173.7812",457 St Sebastian Way #189,Eltham,VIC,3095,351856258,440277657,mdecelles@decelles.net.au,Miesha Decelles,B,54
Milgo Industrial Inc,06/07/1970,"$359,470.1250",6 Ackerman Rd,Doncaster East,VIC,3109,383696924,489202570,javier@osmer.com.au,Javier Osmer,C,54
"Rogers, Clay M Esq",01/09/1970,"$76,043.5547",8 W Lake St #1,Welbungin,WA,6477,819373980,474218755,kizzy.stangle@yahoo.com,Kizzy Stangle,B,54
Usa Asbestos Co,17/10/1970,"$222,213.2344",8454 6  17 M At Bradleys,Shenton Park,WA,6008,847122157,413129424,sharan@wodicka.net.au,Sharan Wodicka,C,53
"Voils, Otis V",27/04/1970,"$245,386.4688",5 Ellestad Dr,Girraween,NSW,2145,226121455,458731791,nfritch@fritch.com.au,Novella Fritch,C,54
Oaz Communications,09/08/1970,"$778,371.0000",9 N Nevada Ave,Woronora,NSW,2232,223933289,495882447,german@gmail.com,German Dones,C,54
Elan Techlgy A Divsn Mansol,22/11/1970,"$544,856.0625",790 E Wisconsin Ave,Woodbury,TAS,7120,365179318,415690961,robt.blanck@yahoo.com,Robt Blanck,C,53
Norfolk County Newton Lung,13/06/1970,"$646,461.8125",60481 N Clark St,Lee Point,NT,810,898552125,461569843,rossana.biler@biler.net.au,Rossana Biler,C,54
Parker Bush & Lane Pc,13/01/1970,"$862,151.1875",43 E Main St,Baranduda,VIC,3691,399355135,413952396,henriette.gish@gish.net.au,Henriette Gish,C,54
Stylecraft Corporation,25/01/1970,"$849,673.3125",5 Madison St #4651,Police Point,TAS,7116,316005230,451121905,buffy_stitely@stitely.com.au,Buffy Stitely,C,54
"Bennett, Matthew T Esq",12/09/1970,"$206,170.2188",85 Nw Frontage Rd,Williamstown,WA,6430,896939052,418813310,christiane@gmail.com,Christiane Osmanski,C,54
Highland Meadows Golf Club,13/01/1970,"$150,910.9531",584 Meridian St #997,Civic Square,ACT,2608,219193941,495759817,alothridge@hotmail.com,Annamae Lothridge,C,54
"Nelson, Michael J Esq",20/05/1970,"$596,550.1875",28220 Park Avenue W,Taragoola,QLD,4680,770524547,496610278,vanesa@glockner.com.au,Vanesa Glockner,C,54
"Henry, Robert J Esq",17/07/1970,"$496,727.0000",5 Austin Ave,Charleston,SA,5244,847532870,425685933,gennie.pastorino@gmail.com,Gennie Pastorino,C,54
Mackraft Signs,12/01/1970,"$837,195.3750",481 925n N #959,Kealy,WA,6280,856149153,438378139,tkenfield@kenfield.com.au,Tamra Kenfield,C,54
Orco State Empl Fed Crdt Un,06/10/1970,"$204,387.6562",9 9th St #4,Lillimur,VIC,3420,377676169,468244186,tien_kinney@kinney.com.au,Tien Kinney,C,54
"Johnsen, Robert U Esq",27/12/1970,"$77,826.1094",56232 Hohman Ave,Officer,VIC,3809,324779133,412417394,malcom@leja.com.au,Malcom Leja,B,53
Abe Goldstein Ofc Furn,15/12/1970,"$853,238.3750",3 Wall St #26,Lilli Pilli,NSW,2229,242463092,465885293,claudia@gmail.com,Claudia Gawrych,C,53
Roland Ashcroft,27/04/1970,"$785,501.2500",63154 Artesia Blvd,Blue Rocks,TAS,7255,324845500,497335342,page@entzi.net.au,Page Entzi,C,54
Village Meadows,28/04/1970,"$61,783.0977",32 E Poythress St,Westminster,WA,6061,823583115,436530773,lorita_roches@roches.net.au,Lorita Roches,B,54
Busada Manufacturing Corp,20/05/1970,"$698,155.9375",86274 Howell Mill Rd Nw,Karama,NT,812,833843181,426888203,annita.lek@lek.net.au,Annita Lek,C,54
Air Flow Co Inc,08/05/1970,"$919,193.0000",25488 Brickell Ave,Ocean Shores,NSW,2483,298292371,497955472,emikovec@mikovec.com.au,Eliseo Mikovec,C,54
Freitag Pc,09/05/1970,"$322,036.4062",270 5th Ave,Eastwood,SA,5063,821586758,490478206,tyisha@yahoo.com,Tyisha Layland,C,54
Saw Repair & Supply Co,15/04/1970,"$632,201.3125",891 Union Pacific Ave #8463,Gloucester,NSW,2422,243761104,466541467,colene.tolbent@tolbent.net.au,Colene Tolbent,C,54
Middendorf Meat Quality Foods,04/04/1970,"$364,817.7812",4562 Aurora Ave N,Heidelberg Rgh,VIC,3081,359337288,463965946,fsenters@gmail.com,Francis Senters,C,54
Eagle Plywood & Door Mfrs Inc,25/09/1970,"$871,064.0000",4864 N 168th Ave,The Risk,NSW,2474,216226412,473268319,hester_dollins@gmail.com,Hester Dollins,C,54
"Leigh, Lewis R Esq",01/06/1970,"$486,031.6562",7 Elm Ave,Yanco,NSW,2703,254105137,491209954,susana.baumgarter@yahoo.com,Susana Baumgarter,C,54
Bare Bones,24/06/1970,"$710,633.8125",6508 Adams St #32,Port Fairy,VIC,3284,382168640,430768907,dahlia.tummons@gmail.com,Dahlia Tummons,C,54
"Avila, Edward G Esq",21/11/1970,"$131,302.8125",6434 Westchester Ave #28,Queenton,QLD,4820,748545045,437545265,osvaldo.falvey@yahoo.com,Osvaldo Falvey,C,53
Oregon Handling Equip Co,27/04/1970,"$671,417.5625",70680 S Rider Trl,Watercarrin,WA,6407,881618201,465254471,armando.barkley@yahoo.com,Armando Barkley,C,54
"Reynolds, Stephen R Esq",20/05/1970,"$564,464.1875",700 Factory Ave #5649,Yeppoon,QLD,4703,783714719,426991115,torie_deras@yahoo.com,Torie Deras,C,54
Credit Union Of The Rockies,17/10/1970,"$156,258.6250",3 Cherokee St,Bobalong,WA,6320,870465484,423870900,tamie@hollimon.com.au,Tamie Hollimon,C,53
"Sullivan, John M Esq",01/09/1970,"$300,645.7500",76542 W Bijou St,Wurdiboluc,VIC,3241,358555156,454956810,lettie_hessenthaler@hessenthaler.net.au,Lettie Hessenthaler,C,54
Henry D Lederman,09/08/1970,"$642,896.6875",44009 W 63rd #269,North Dandalup,WA,6207,859434352,469609289,chaya_muhlbauer@muhlbauer.net.au,Chaya Muhlbauer,C,54
"Burress, S Paige Esq",24/06/1970,"$405,816.5938",462 Morris Ave,Seddon,VIC,3011,391077349,438810326,terina_wildeboer@wildeboer.com.au,Terina Wildeboer,C,54
Dynetics,13/06/1970,"$163,388.8438",1 El Camino Real #603,Hindmarsh,WA,6462,811844145,449675754,lisbeth.agney@agney.net.au,Lisbeth Agney,C,54
West Pac Environmental Inc,05/07/1970,"$765,893.1250",92417 Arbuckle Ct,Julia Creek,QLD,4823,735946592,490548561,lillian@hotmail.com,Lillian Dominique,C,54
Progressive Machine Co,23/03/1970,"$568,029.3125",1 Westpark Dr,Salter Point,WA,6152,879155110,463118373,clindblom@gmail.com,Corrina Lindblom,C,54
Berhanu International Foods,28/02/1970,"$138,433.0469",5 Montana Ave,Lilydale,QLD,4344,723192889,412631864,dylan_chaleun@hotmail.com,Dylan Chaleun,C,54
"Mcmillan, Regina E Esq",17/10/1970,"$177,649.2969",6629 Main St,Tea Gardens,NSW,2324,295549632,451857511,jerrod_luening@luening.com.au,Jerrod Luening,C,53
Central Nebraska Home Care,22/11/1970,"$931,670.9375",4 W 18th St,Oxley,VIC,3678,324448291,420776847,gracie.vicente@hotmail.com,Gracie Vicente,C,53
Unicircuit Inc,11/03/1970,"$420,077.0625",95412 16th St #6,Yallah,NSW,2530,234496894,467209469,barabara@amedro.net.au,Barabara Amedro,C,54
F H Overseas Export Inc,04/04/1970,"$409,381.7188",17 Kamehameha Hwy,Cavendish,VIC,3314,313618465,458548827,dducos@hotmail.com,Delsie Ducos,C,54
"Musgrave, R Todd Esq",29/10/1970,"$810,457.0625",8650 S Valley View Bld #6941,Condobolin,NSW,2877,279225417,433677495,cdigregorio@digregorio.net.au,Cassie Digregorio,C,53
Santek Inc,29/10/1970,"$687,460.6250",16 Talmadge Rd,West Tamworth,NSW,2340,274988576,418218423,tamekia_kajder@yahoo.com,Tamekia Kajder,C,53
Springer Industrial Equip Inc,25/09/1970,"$297,080.6250",750 Lancaster Ave,Campsie,NSW,2194,259701748,477424229,johanna@yahoo.com,Johanna Saffer,C,54
"Long, Robert B Jr",17/10/1970,"$805,109.3750",8808 Northern Blvd,Merrylands,NSW,2160,273864544,442976132,sharita_kruk@gmail.com,Sharita Kruk,C,53
"Prusax, Maximilian M Esq",26/04/1970,"$345,209.6562",76596 Pleasant Hill Rd,Townsville Milpo,QLD,4813,774466315,426833750,gerald@chrusciel.net.au,Gerald Chrusciel,C,54
Custom Jig Grinding,22/11/1970,"$584,072.3125",94 Delta Fair Blvd #2702,Runnymede,QLD,4615,735819462,426488593,ardella.dieterich@yahoo.com,Ardella Dieterich,C,53
Senior Village Nursing Home,17/02/1970,"$674,982.6875",25 Sw End Blvd #609,Coominya,QLD,4311,798406419,448206407,jackie.kellebrew@kellebrew.com.au,Jackie Kellebrew,C,54
"Mchale, Joseph G Esq",20/05/1970,"$264,994.5938",15258 W Charleston Blvd,Aroona,QLD,4551,788576463,427579588,mabelle.ramero@ramero.net.au,Mabelle Ramero,C,54
Pestmaster Services Inc,25/01/1970,"$592,985.0625",75 Ryan Dr #70,Duramana,NSW,2795,250952983,486778453,jbiasi@biasi.net.au,Jonell Biasi,C,54
Moorhead Associates Inc,23/03/1970,"$633,983.8750",9634 South St,Saltwater River,TAS,7186,360532447,487913509,linwood.wessner@hotmail.com,Linwood Wessner,C,54
Alb Inc,18/10/1970,"$938,801.1250",40490 Morrow St,Bluff,QLD,4702,795122457,443539658,sheninger@yahoo.com,Samira Heninger,C,53
Atrium Marketing Inc,21/08/1970,"$715,981.5000",9 Commerce Cir,Kingaroy,QLD,4610,742176258,420286404,julieta@yahoo.com,Julieta Cropsey,C,54
Machine Design Service Inc,06/10/1970,"$102,781.9062",190 34th St #8,Nangetty,WA,6522,829417378,493703129,serita_barthlow@gmail.com,Serita Barthlow,C,54
Mcwhirter Realty Corp,24/03/1970,"$535,943.2500",1036 Malone Rd,Uarbry,NSW,2329,224931870,449807281,tori@tepley.net.au,Tori Tepley,C,54
National Mortgage Co,25/12/1970,"$803,326.8125",398 Fort Campbell Blvd #923,Cudgera Creek,NSW,2484,232483283,426612418,nancey@whal.net.au,Nancey Whal,C,53
"Alvis, John W Esq",24/06/1970,"$263,212.0312",2799 Cajon Blvd,East Nanango,QLD,4615,791786430,455947547,wilbert@hotmail.com,Wilbert Beckes,C,54
Community Health Law Project,17/07/1970,"$468,206.0938",302 N 10th St #3896,Oakleigh South,VIC,3167,390855714,462625869,whermens@hermens.net.au,Werner Hermens,C,54
Highway Rentals Inc,12/06/1970,"$510,987.4688",79346 Firestone Blvd,Gununa,QLD,4871,712179907,450440670,scatton@catton.com.au,Sunny Catton,C,54
Rapid Reproductions Printing,09/11/1970,"$847,890.7500",37564 Grace Ln,Salamander Bay,NSW,2317,291874769,448465944,keva.moehring@moehring.net.au,Keva Moehring,C,53
Autocrat Inc,29/07/1970,"$835,412.8125",470 W Irving Park Rd,Bundaberg North,QLD,4670,739634469,452920972,mary.dingler@gmail.com,Mary Dingler,C,54
Venino And Venino,13/09/1970,"$945,931.3750",6 Jefferson St,Middleton,SA,5213,852362143,486924555,huey.bukovac@hotmail.com,Huey Bukovac,C,54
Corporex Companies Inc,27/04/1970,"$657,157.1250",1758 Park Pl,Eaglemont,VIC,3084,361447318,438100197,antonio.eighmy@yahoo.com,Antonio Eighmy,C,54
Economy Stainless Supl Co Inc,15/04/1970,"$188,344.6406",7659 Market St,Premer,NSW,2381,272399923,432253912,qweissbrodt@weissbrodt.com.au,Quinn Weissbrodt,C,54
Dgstv Diseases Cnslnts,21/08/1970,"$819,369.8125",95830 Webster Dr,Trott Park,SA,5158,883433550,475701279,cgeorgiades@gmail.com,Carin Georgiades,C,54
Broaches Inc,05/02/1970,"$600,115.3125",26 Old William Penn Hwy,Boynewood,QLD,4626,716989047,468451905,jill_davoren@davoren.net.au,Jill Davoren,C,54
Woods Manufactured Housing,01/09/1970,"$664,287.3750",343 E Main St,Maraylya,NSW,2765,222082711,436444424,sgoodness@goodness.net.au,Sanjuana Goodness,C,54
Theos Software Corp,28/02/1970,"$717,764.0625",8 Cabot Rd,Wayville,SA,5034,852219700,472281671,elin_koerner@koerner.com.au,Elin Koerner,C,54
Stanco Metal Products Inc,16/02/1970,"$933,453.4375",8 Allied Dr,Burnside,WA,6285,876152416,469445592,charlena@gmail.com,Charlena Decamp,C,54
Xyvision Inc,09/05/1970,"$614,375.7500",26921 Vassar St,Daradgee,QLD,4860,754179612,484806405,abreyer@hotmail.com,Annette Breyer,C,54
Carrera Casting Corp,24/06/1970,"$625,071.1250",9 Old York Rd #418,Weetulta,SA,5573,818951457,475760952,amorguson@morguson.com.au,Alexis Morguson,C,54
Asian Jewelry,13/09/1970,"$773,023.3125",12398 Duluth St,Auburn,NSW,1835,226566234,467758219,princess_saffo@hotmail.com,Princess Saffo,C,54
Southwark Corporation,13/01/1970,"$562,681.6250",960 S Arroyo Pkwy,South Hobart,TAS,7004,392153224,427327492,asutherburg@gmail.com,Ashton Sutherburg,C,54
Kdhl Am Radio,17/07/1970,"$703,503.6250",53 Euclid Ave,Forbes,NSW,2871,210754690,463757229,elmer@hotmail.com,Elmer Redlon,C,54
"Kelly, Charles G Esq",20/05/1970,"$355,905.0000",700 Wilmson Rd,Forest Reefs,NSW,2798,293247803,445609538,aliza@yahoo.com,Aliza Akiyama,C,54
Fennessey Buick Inc,05/07/1970,"$726,676.8750",466 Hillsdale Ave,Rocklands,VIC,3401,383574617,411111689,ora.handrick@gmail.com,Ora Handrick,C,54
Apex Bottle Co,02/09/1970,"$789,066.3750",86351 Pine Ave,Oaklands Park,SA,5046,845639520,492994709,bahlborn@ahlborn.com.au,Brent Ahlborn,C,54
Shamrock Food Service,11/03/1970,"$437,902.6250",6139 Contractors Dr #450,Buckland Park,SA,5120,888088104,429419390,tora@telch.net.au,Tora Telch,C,54
Plastic Supply Inc,24/01/1970,"$243,603.9062",83 Longhurst Rd,Longwood,SA,5153,829224115,463881817,hildred_eilbeck@eilbeck.net.au,Hildred Eilbeck,C,54
Gaylord,17/07/1970,"$576,942.0625",76 Daylight Way #7,Varsity Lakes,QLD,4227,719644238,432682937,dante_freiman@freiman.net.au,Dante Freiman,C,54
Bank Of New York Na,24/09/1970,"$475,336.3125",3883 N Central Ave,Appin,NSW,2560,219878525,498489459,emmanuel@yahoo.com,Emmanuel Avera,C,54
"Cole, Gary D Esq",23/06/1970,"$699,938.5000",75 E Main,Adelaide River,NT,846,816839243,439885729,kwasp@wasp.net.au,Keshia Wasp,C,54
"Gencheff, Nelson E Do",05/02/1970,"$928,105.8125",9 Memorial Pky Nw,Harris Park,NSW,2150,226213361,468488918,sherman@mahmud.com.au,Sherman Mahmud,C,54
American General Finance,18/07/1970,"$354,122.4375",70086 Division St #3,Kallista,VIC,3791,387803473,449337116,lore@hotmail.com,Lore Brothers,C,54
"Feutz, James F Esq",20/05/1970,"$575,159.5000",4 Middletown Blvd #33,Camena,TAS,7316,394809611,456595946,shawn@hotmail.com,Shawn Weibe,C,54
Kwik Kopy Printing & Copying,24/01/1970,"$387,991.0312",20907 65s S,Woodberry,NSW,2322,259778561,416963557,karima_cheever@hotmail.com,Karima Cheever,C,54
Borough Clerk,16/02/1970,"$363,035.2188",82136 Post Rd,Rocky Gully,WA,6397,816874873,420185206,fkloos@kloos.com.au,Francesco Kloos,C,54
U S Rentals,01/06/1970,"$755,197.7500",3 W Pioneer Dr,Preston Beach,WA,6215,876052080,468322703,king@hotmail.com,King Picton,C,54
Katz Brothers Market Inc,21/11/1970,"$920,975.5625",5610 Holliday Rd,Brigalow,QLD,4412,710373391,471169302,msimco@gmail.com,Mica Simco,C,53
Grossman Tuchman & Shah,10/11/1970,"$491,379.3438",29133 Hammond Dr #1,Beermullah,WA,6503,852272620,425628359,lamonica@hotmail.com,Lamonica Princiotta,C,53
American Inst Muscl Studies,25/09/1970,"$361,252.6875",51 Greenwood Ave,Ridgewood,WA,6030,862789532,484331585,curtis@ware.net.au,Curtis Ware,C,54
Joyces Submarine Sandwiches,13/06/1970,"$826,500.0625",327 Ward Pky,Bayles,VIC,3981,356623542,486768529,sabrina_rabena@hotmail.com,Sabrina Rabena,C,54
"Domurad, John M Esq",14/12/1970,"$500,292.1250",52680 W Hwy 55 #59,Moorabbin Airport,VIC,3194,328027434,410539386,denae_saeteun@hotmail.com,Denae Saeteun,C,53
Debbies Golden Touch,03/12/1970,"$728,459.4375",654 Se 29th St,Waratah West,NSW,2298,260783417,481193115,anastacia@yahoo.com,Anastacia Carranzo,C,53
"Johnston, George M Esq",08/05/1970,"$227,560.8906",65 Clayton Rd,Cullulleraine,VIC,3496,390502741,465434187,irving@hotmail.com,Irving Plocica,C,54
Chateau Sonesta Hotel,21/11/1970,"$421,859.6250",136 2nd Ave N,Cairns City,QLD,4870,750858138,419509353,elenor.siefken@yahoo.com,Elenor Siefken,C,53
Superior Trading Co,06/07/1970,"$108,129.5781",3 N Michigan Ave,Warding East,WA,6405,880126469,411620740,mirene@gmail.com,Mary Irene,C,54
Breathitt Fnrl Home & Mnmt Co,09/05/1970,"$231,126.0156",1607 Laurel St,North Haven,NSW,2443,294725814,471602916,crista_padua@gmail.com,Crista Padua,C,54
Viking Lodge,01/06/1970,"$616,158.3125",77818 Prince Drew Rd,Cape Paterson,VIC,3995,323243472,456330756,lawana_yuasa@yuasa.net.au,Lawana Yuasa,C,54
Brown Bear Bait Company,21/05/1970,"$797,979.1250",1 Vogel Rd,Cabramatta,NSW,2166,280108344,440811454,mcove@hotmail.com,Maryrose Cove,C,54
Pakzad Advertising,28/07/1970,"$915,627.8750",5 Main St,Kongorong,SA,5291,812691489,499741651,lindsey_rathmann@rathmann.com.au,Lindsey Rathmann,C,54
Jean Barbara Ltd,03/12/1970,"$225,778.3438",7696 Carey Ave,Digby,VIC,3309,352138219,462987152,lynelle.koury@koury.net.au,Lynelle Koury,C,53
"Thurmon, Steven P",10/11/1970,"$329,166.6562",76 San Pablo Ave,Sedan,SA,5353,852032193,467821930,bbogacz@hotmail.com,Brice Bogacz,C,53
"Bussard, Vicki L Esq",22/11/1970,"$821,152.3750",767 9th Ave Sw,Braybrook,VIC,3019,328136426,411276383,laine@gmail.com,Laine Killean,C,53
Stamell Tabacco & Schager,13/01/1970,"$391,556.1562",82 Hopkins Plz,Inkpen,WA,6302,820898553,459738842,rachael@gmail.com,Rachael Crawley,C,54
Aztech Controls Inc,25/09/1970,"$207,952.7656",64 Prairie Ave,Gillieston Heights,NSW,2321,248858382,456162659,della.selestewa@gmail.com,Della Selestewa,C,54
Hutchinson Inc,09/11/1970,"$605,463.0000",5 Jackson St,Neerabup,WA,6031,848494417,434497618,thomasena@gmail.com,Thomasena Graziosi,C,53
Curtis & Curtis Inc,29/10/1970,"$894,237.1875",705 Stanwix St,Mount Martha,VIC,3934,348295695,435982307,fschimke@schimke.com.au,Frederic Schimke,C,53
"Roane, Matthew H Esq",05/02/1970,"$218,648.1094",3318 Buckelew Ave,Appila,SA,5480,867422308,478235293,halina.dellen@dellen.com.au,Halina Dellen,C,54
Best Western Gloucester Inn,24/06/1970,"$578,724.6250",38494 Port Reading Ave,Milton,QLD,4064,799203550,423341752,ryann@hotmail.com,Ryann Riston,C,54
Shine,13/06/1970,"$313,123.6250",81 Us Highway 9,Etty Bay,QLD,4858,731038372,480561819,svugteveen@vugteveen.net.au,Shawn Vugteveen,C,54
"Schwartz, Seymour I Md",16/04/1970,"$509,204.9062",45 Mountain View Ave,Lower Hermitage,SA,5131,840409192,452193155,leah@milsap.com.au,Leah Milsap,C,54
American Express Publshng Corp,23/03/1970,"$609,028.1250",6 W Meadow St,Degilbo,QLD,4621,747249987,466603340,ira.zihal@yahoo.com,Ira Zihal,C,54
Saratoga Land Office,24/01/1970,"$571,594.3750",2 Old Corlies Ave,Eastern Heights,QLD,4305,745184450,454257906,paris.kinnison@gmail.com,Paris Kinnison,C,54
"Jaywork, John Terence Esq",16/04/1970,"$213,300.4375",5614 Public Sq,Normanville,SA,5204,885871196,443386213,shayne.sundahl@gmail.com,Shayne Sundahl,C,54
Northbros Co Divsn Natl Svc,04/12/1970,"$439,685.1875",6 E Gloria Switch Rd #96,Yorkrakine,WA,6409,811406357,414354955,ernestine.paavola@paavola.com.au,Ernestine Paavola,C,53
Psychotherapy Associates,03/12/1970,"$541,290.9375",1 Us Highway 206,Kialla East,VIC,3631,353555505,497442813,eeverline@hotmail.com,Eleonore Everline,C,53
K J N Advertising Inc,17/07/1970,"$229,343.4531",5289 Ramblewood Dr,Glen Boughton,QLD,4871,754861002,414661490,mleriche@yahoo.com,Misty Leriche,C,54
Automatic Feed Co,01/06/1970,"$352,339.8750",5 Aquarium Pl #1,Ongerup,WA,6336,882151588,444777459,na_hodges@hotmail.com,Na Hodges,C,54
Newton Clerk,17/10/1970,"$806,891.9375",466 Lincoln Blvd,Clunes,VIC,3370,391736140,474730764,juan@gmail.com,Juan Knudtson,C,53
Pleasantville Finance Dept,12/01/1970,"$947,713.9375",42 United Dr,Pierces Creek,QLD,4355,742974607,437819518,gerald@yahoo.com,Gerald Kloepper,C,54
Body Part Connection,23/03/1970,"$113,477.2500",5920 E Arapahoe Rd,Andergrove,QLD,4740,767935954,445121372,desmond_tarkowski@hotmail.com,Desmond Tarkowski,C,54
Cooper And Raley,24/09/1970,"$325,601.5312",2 New Brooklyn Rd,Concord West,NSW,2138,254441961,498290826,tommy@hotmail.com,Tommy Gennusa,C,54
H T Communications Group Ltd,07/10/1970,"$543,073.5000",9 34th Ave #69,Bethania,QLD,4205,761139653,432130553,adrianna@poncio.com.au,Adrianna Poncio,C,54
Debbie Reynolds Hotel,04/04/1970,"$254,299.2500",32716 N Michigan Ave #82,Barooga,NSW,3644,232251954,416156336,adaline.galagher@galagher.com.au,Adaline Galagher,C,54
"Crew, Robert B Esq",25/01/1970,"$266,777.1562",78 Sw Beaverton Hillsdale H,Willetton,WA,6155,897072679,425809254,tammi.schiavi@hotmail.com,Tammi Schiavi,C,54
Reef Encrustaceans,28/07/1970,"$446,815.4062",8494 E 57th St,Stratton,WA,6056,881479584,460368567,vphay@phay.com.au,Virgilio Phay,C,54
Reporters Inc,18/07/1970,"$215,083.0000",46 Broadway St,Elimbah,QLD,4516,772406480,451790704,emeline@gmail.com,Emeline Sotelo,C,54
Arizona Equipment Trnsprt Inc,10/11/1970,"$598,332.7500",228 S Tyler St,Emerald,VIC,3782,363405010,464786310,marcos_seniff@gmail.com,Marcos Seniff,C,53
Hub Manufacturing Company Inc,24/06/1970,"$461,075.8750",2714 Beach Blvd,Changerup,WA,6394,874324632,470345731,ycarabajal@carabajal.com.au,Yuonne Carabajal,C,54
Dippin Flavors,17/02/1970,"$195,474.8750",3266 Welsh Rd,Varsity Lakes,QLD,4227,764443666,444157156,gkazemi@kazemi.net.au,Gladis Kazemi,C,54
Harfred Oil Co,12/06/1970,"$904,932.5625",1 S Maryland Pky,Durham Downs,QLD,4454,756868088,473213595,muriel_drozdowski@hotmail.com,Muriel Drozdowski,C,54
"Wilheim, Kari A Esq",12/03/1970,"$935,236.0000",6 De Belier Rue,Bouvard,WA,6210,835628644,492961209,juliann@gmail.com,Juliann Dammeyer,C,54
Gilardis Frozen Food,06/07/1970,"$393,338.6875",57869 Alemany Blvd,Bentley Dc,WA,6983,837335261,414715583,rdejarme@dejarme.net.au,Reiko Dejarme,C,54
Ronald Massingill Pc,04/02/1970,"$548,421.1875",39 Plummer St,Thornton,NSW,2322,262917620,474367875,verdell.garness@yahoo.com,Verdell Garness,C,54
"Colosi, Darryl J Esq",12/06/1970,"$831,847.7500",78717 Graves Ln,Eagle Farm,QLD,4009,734762066,430271168,arleen.kane@hotmail.com,Arleen Kane,C,54
"Tripuraneni, Prabhakar Md",24/06/1970,"$414,729.3750",30338 S Dunworth St,Peake,SA,5301,898082647,423125880,launa@gmail.com,Launa Vanauken,C,54
Carlyle Abstract Co,15/12/1970,"$869,281.4375",6 Walnut St,Chippendale,NSW,2008,258086388,418327906,casandra_gordis@gordis.com.au,Casandra Gordis,C,53
Streator Onized Fed Crdt Un,05/02/1970,"$942,366.2500",2244 Franquette Ave,Gorokan,NSW,2263,256329914,452766262,julio@gmail.com,Julio Puccini,C,54
Valley Hi Bank,24/09/1970,"$147,345.8281",9892 Hernando W,Grevillia,NSW,2474,269747785,423831803,aalerte@alerte.com.au,Alica Alerte,C,54
Pep Boys Manny Moe & Jack,29/10/1970,"$143,780.7188",9296 Prince Rodgers Ave,Chatsworth,NSW,2469,234902407,419430467,ksarkissian@yahoo.com,Karol Sarkissian,C,53
Knights Inn,21/08/1970,"$858,586.0625",9 Chandler Ave #355,Bawley Point,NSW,2539,212227812,445285375,wava.ochs@gmail.com,Wava Ochs,C,54
Telcom Communication Center,15/04/1970,"$814,022.1250",173 Howard Ave,Weengallon,QLD,4497,785166453,470655661,fgong@gong.com.au,Felicitas Gong,C,54
Bell Electric Co,26/04/1970,"$739,154.7500",3216 W Wabansia Ave,Tuggeranong Dc,ACT,2901,246238120,426830817,jamie@kushnir.net.au,Jamie Kushnir,C,54
Signs Now,08/05/1970,"$856,803.5000",947 W Harrison St #640,Dangar Island,NSW,2083,280359997,478179538,fidelia_dampier@gmail.com,Fidelia Dampier,C,54
Chieftain Four Inc,08/05/1970,"$366,600.3438",94843 Trabold Rd #59,Shannon,TAS,7030,365892556,469243477,kris.medich@hotmail.com,Kris Medich,C,54
South Carolina State Housing F,17/07/1970,"$432,554.9375",8 Lincoln Way W #6698,Greenhills,WA,6302,869374366,488276458,lashawna.filan@filan.net.au,Lashawna Filan,C,54
Lucas Cntrl Systems Prod Deeco,30/10/1970,"$689,243.1875",262 Montauk Blvd,Cherrybrook,NSW,2126,234169617,453493910,lachelle.andrzejewski@andrzejewski.com.au,Lachelle Andrzejewski,C,53
J C S Iron Works Inc,15/04/1970,"$742,719.8750",5040 Teague Rd #65,Junee,NSW,2663,230031369,481278876,katy_saltourides@yahoo.com,Katy Saltourides,C,54
Lsr Pokorny Schwartz Friedman,16/02/1970,"$482,466.5625",54648 Hylan Blvd #883,Tibradden,WA,6532,829013421,427971504,bettyann@fernades.com.au,Bettyann Fernades,C,54
Branom Instrument Co,17/07/1970,"$336,296.8750",7463 Elmwood Park Blvd,Tungkillo,SA,5236,824015672,434637971,vlevay@levay.net.au,Valda Levay,C,54
"Young, Craig C Md",05/02/1970,"$154,476.0625",630 E Plano Pky,Tarawera,QLD,4494,766793722,417544301,lynette.beaureguard@hotmail.com,Lynette Beaureguard,C,54
Midwest Marketing Inc,02/09/1970,"$623,288.5625",166 N Maple Dr,Scotts Head,NSW,2447,281566969,421987667,victor@laroia.net.au,Victor Laroia,C,54
"Korolishin, Michael Esq",01/09/1970,"$202,605.0938",20 Meadow Ln,Pakenham Upper,VIC,3810,318615074,480433145,pa_badgero@badgero.com.au,Pa Badgero,C,54
Perrysburg Animal Care Inc,09/05/1970,"$327,384.0938",73 Robert S,Westerway,TAS,7140,363409772,432706521,dorathy.miskelly@gmail.com,Dorathy Miskelly,C,54
Hospitality Design Group,21/08/1970,"$200,822.5469",512 E Idaho St,Burrier,NSW,2540,238694096,430503397,rodrigo_schuh@gmail.com,Rodrigo Schuh,C,54
Ciba Geigy Corp,09/08/1970,"$774,805.8750",98021 Harwin Dr,East Nabawa,WA,6532,832001670,479127500,stanford_waganer@waganer.net.au,Stanford Waganer,C,54
"Robinson, Michael C Esq",20/08/1970,"$295,298.0625",892 Sw Broadway #8,Millers Point,NSW,2000,219191709,482613598,michael_orehek@gmail.com,Michael Orehek,C,54
"De Woskin, Alan E Esq",24/06/1970,"$261,429.4844",192 N Sheffield Ave,Bunya Mountains,QLD,4405,750177337,481799605,ines_tokich@tokich.net.au,Ines Tokich,C,54
Alumi Span Inc,25/09/1970,"$937,018.5625",5 Columbia Pike,Mayfield East,NSW,2304,265299317,412153776,dorinda_markoff@hotmail.com,Dorinda Markoff,C,54
M C Publishing,17/02/1970,"$744,502.4375",35983 Daubert St,Verges Creek,NSW,2440,247761384,486302652,clarence.gabbert@gmail.com,Clarence Gabbert,C,54
Phoenix Marketing Rep Inc,03/04/1970,"$525,247.9375",678 S Main St,Hill River,WA,6521,899199540,439808753,omer_radel@radel.net.au,Omer Radel,C,54
Remc South Eastern,24/09/1970,"$411,164.2812",532 Saint Marks Ct,Marshdale,NSW,2420,253181342,471558187,winifred.kingshott@yahoo.com,Winifred Kingshott,C,54
"Curran, Carol N Esq",12/06/1970,"$546,638.6250",1337 N 26th St,Bundall,QLD,4217,782502277,437687429,theresia_salomone@gmail.com,Theresia Salomone,C,54
Faber Castell Corporation,26/04/1970,"$136,650.4844",556 Bernardo Cent,Mount Nasura,WA,6112,821275977,455503406,dkearsey@yahoo.com,Daisy Kearsey,C,54
Palmetto Food Equipment Co Inc,12/01/1970,"$790,848.9375",9561 Chartres St,Parndana,SA,5220,873852716,481452729,aretha_bodle@hotmail.com,Aretha Bodle,C,54
Greater Ky Corp,06/10/1970,"$272,124.8125",11999 Main St,Dripstone,NSW,2820,235667608,472631448,bdiciano@diciano.com.au,Bettina Diciano,C,54
Kajo 1270 Am Radio,26/04/1970,"$569,811.8125",495 Distribution Dr #996,Gnotuk,VIC,3260,366235501,422968757,omega.mangino@hotmail.com,Omega Mangino,C,54
"Fried, Monte Esq",27/04/1970,"$929,888.3750",49 Walnut St,Yarralumla,ACT,2600,266891150,411398917,dana_vock@yahoo.com,Dana Vock,C,54
Dayer Real Estate Group,10/11/1970,"$815,804.6875",85 S Washington Ave,Muja,WA,6225,861371726,430962223,naomi@yahoo.com,Naomi Tuamoheloa,C,53
On Your Feet,15/04/1970,"$897,802.3125",72984 W 1st St,Summerhill,TAS,7250,344924927,490571461,luis@hotmail.com,Luis Yerry,C,54
South Side Machine Works Inc,12/06/1970,"$518,117.6875",3 Ridge Rd W #949,Port Flinders,SA,5495,830879658,412225824,dominga.barchacky@hotmail.com,Dominga Barchacky,C,54
Milner Inn,09/08/1970,"$407,599.1562",2 Landmeier Rd,Wombeyan Caves,NSW,2580,234943282,455472994,isreal_calizo@gmail.com,Isreal Calizo,C,54
United Mortgage,09/11/1970,"$669,635.0625",82 W Market St,Dartnall,WA,6320,831742706,412679832,mkorba@hotmail.com,Myrtie Korba,C,53
"Cahill, Steven J Esq",28/02/1970,"$644,679.2500",89 N Himes Ave,Dural,NSW,2330,261935184,488646644,jodi@hotmail.com,Jodi Naifeh,C,54
G Whitfield Richards Co,24/09/1970,"$100,999.3516",62296 S Elliott Rd #2,Wandering,WA,6308,834126699,460335582,pearly@gmail.com,Pearly Hedstrom,C,54
"Cuzzo, Michael J Esq",05/07/1970,"$566,246.7500",8 S Main St,Manjimup,WA,6258,811962822,495852298,aileen_menez@menez.net.au,Aileen Menez,C,54
Swanson Travel,01/09/1970,"$892,454.6875",50808 A Pamalee Dr,Grange,QLD,4051,792657183,490570424,glory_carlo@gmail.com,Glory Carlo,C,54
"Jackson, Brian C",12/03/1970,"$220,430.6719",30691 Poplar Ave #4,Indented Head,VIC,3223,387919436,449461650,kathrine@yahoo.com,Kathrine Francoise,C,54
Fables Gallery,31/05/1970,"$161,606.2812",80968 Armitage Ave,Marla,SA,5724,899197850,418290707,domingo_mckale@mckale.net.au,Domingo Mckale,C,54
Forsyth Steel Co,23/03/1970,"$323,818.9688",5 Pittsburg St,Mungabunda,QLD,4718,726279976,419587898,jlaprade@laprade.net.au,Julian Laprade,C,54
"Lally, Lawrence D Esq",15/04/1970,"$876,411.6250",812 Berry Blvd #96,Houston,VIC,3128,317654584,473727909,marylou_lofts@lofts.com.au,Marylou Lofts,C,54
Sassy Lassie Dolls,06/10/1970,"$118,824.9219",73 12th St,Larrakeyah,NT,820,852283628,471229188,louis.brueck@brueck.net.au,Louis Brueck,C,54
Performance Consulting Grp Inc,01/09/1970,"$621,506.0000",27730 American Ave,Docklands,VIC,3008,327491381,442173327,eguenther@hotmail.com,Ellsworth Guenther,C,54
"Padrick, Comer W Jr",31/05/1970,"$373,730.5625",72 Park Ave,Gabbadah,WA,6041,810424275,431743155,wlary@lary.net.au,Wilburn Lary,C,54
Analytical Laboratories,24/06/1970,"$104,564.4688",59215 W 80th St,Morundah,NSW,2700,212113823,423740512,arlie.borra@gmail.com,Arlie Borra,C,54
Signs Of The Times,13/09/1970,"$881,759.3125",186 Geary Blvd #923,Trungley Hall,NSW,2666,213853480,475366466,alysa@hotmail.com,Alysa Lehoux,C,54
"Brown, Alan Esq",06/10/1970,"$462,858.4062",717 Midway Pl,Tawonga,VIC,3697,314477041,474199825,marilynn.herrera@herrera.net.au,Marilynn Herrera,C,54
Biancas La Petite French Bkry,25/01/1970,"$530,595.5625",68 Camden Rd,Kingswood,NSW,2550,296764462,445480672,scot.jarva@jarva.com.au,Scot Jarva,C,54
Williams Design Group,13/09/1970,"$582,289.7500",175 N Central Ave,Greenslopes,QLD,4120,775385504,473505816,aender@gmail.com,Adelaide Ender,C,54
Community Communication Servs,26/12/1970,"$480,684.0000",80896 South Ave,Grovedale,VIC,3216,380558668,423545966,jackie_borchelt@hotmail.com,Jackie Borchelt,C,53
Hampton Inn Hotel,05/02/1970,"$445,032.8438",6584 S Bascom Ave #371,Elanora,QLD,4221,753547251,499207236,carli@yahoo.com,Carli Bame,C,54
"Hoffman, Carl Esq",23/03/1970,"$769,458.2500",64865 Main St,North Fremantle,WA,6159,819916947,444915799,coletta.thro@thro.net.au,Coletta Thro,C,54
Sonoco Products Co,04/02/1970,"$140,215.6094",62171 E 6th Ave,Fyshwick,ACT,2609,248851611,497455126,katheryn_lamers@gmail.com,Katheryn Lamers,C,54
Brattleboro Printing Inc,14/12/1970,"$165,171.4062",67729 180th St,Allworth,NSW,2425,229574812,411294588,swisenbaker@wisenbaker.net.au,Santos Wisenbaker,C,53
Scientific Agrcltl Svc Inc,21/08/1970,"$197,257.4219",7721 Harrison St,Kingsway West,NSW,2208,270918948,441151810,kweyman@weyman.com.au,Kimberely Weyman,C,54
Booster Farms,14/12/1970,"$241,821.3594",5351 E Thousand Oaks Blvd,Woodford,NSW,2463,296532199,452941575,earlean.suffern@suffern.net.au,Earlean Suffern,C,53
Accent Copy Center Inc,20/05/1970,"$238,256.2344",5 Carpenter Ave,Breakaway,QLD,4825,787384205,422884614,dannette@gmail.com,Dannette Heimbaugh,C,54
Mccaffreys Supermarket,24/09/1970,"$168,736.5156",374 Sunrise Ave,Gorrie,WA,6556,898951954,472399247,odelia.hutchin@hutchin.com.au,Odelia Hutchin,C,54
Chemex Labs Ltd,17/02/1970,"$502,074.6875",68538 N Bentz St #1451,Koorlong,VIC,3501,336085660,487835113,lina@yahoo.com,Lina Schwiebert,C,54
Galaxie Displays Inc,04/04/1970,"$368,382.9062",23 S Orange Ave #55,Wardell,NSW,2477,218271736,425214447,fredric@hotmail.com,Fredric Johanningmeie,C,54
"Harris, Eric C Esq",21/08/1970,"$234,691.1250",4373 Washington St,Bongeen,QLD,4356,773698849,419246570,adelsoin@yahoo.com,Alfreda Delsoin,C,54
Tarix Printing,08/05/1970,"$270,342.2500",61550 S Figueroa St,Waverley,NSW,2024,218158700,448195542,bernadine_elamin@yahoo.com,Bernadine Elamin,C,54
Chem Aqua,29/10/1970,"$639,331.5625",8 N Town East Blvd,Forrest,VIC,3236,340101900,486557304,mthaxton@gmail.com,Ming Thaxton,C,53
Kern Valley Printing,15/12/1970,"$676,765.2500",2452 Bango Rd,Gundaroo,NSW,2620,280813883,472903534,gpecot@hotmail.com,Gracia Pecot,C,53
American Speedy Printing Ctrs,13/09/1970,"$418,294.5000",8219 Roswell Rd Ne,North Boyanup,WA,6237,847008894,483854984,yuette.metevelis@metevelis.net.au,Yuette Metevelis,C,54
Doane Products Company,09/05/1970,"$286,385.2812",3 Davis Blvd,Mouroubra,WA,6472,811095346,476877991,yuriko_kazarian@gmail.com,Yuriko Kazarian,C,54
Jerico Group,16/02/1970,"$888,889.5625",1 S Marginal Rd,Flinders University,SA,5042,892809177,413650821,hyman@hotmail.com,Hyman Hegeman,C,54
Mortenson Broadcasting Co,25/09/1970,"$619,723.4375",78 S Robson,Crows Nest,QLD,4355,774897577,453580611,linette.summerfield@hotmail.com,Linette Summerfield,C,54
M & M Quality Printing,18/07/1970,"$867,498.8750",2749 Van Nuys Blvd,Panmure,VIC,3265,384517537,452605630,jospeh.couzens@couzens.com.au,Jospeh Couzens,C,54
Georgia Business Machines,01/06/1970,"$732,024.5000",722 E Liberty St,Bygalorie,NSW,2669,246495341,459496184,anna.ovit@hotmail.com,Anna Ovit,C,54
"Leo, Frank M",12/06/1970,"$560,899.0625",9 Gunnison St,Oakhurst,NSW,2761,257708546,410116435,shawnta@woodhams.com.au,Shawnta Woodhams,C,54
S E M A,17/10/1970,"$95,651.6797",2902 Edison Dr #278,Mandurah East,WA,6210,893787021,424568217,ettie@yahoo.com,Ettie Luckenbach,B,53
Arthur Andersen & Co,21/11/1970,"$174,084.1875",72 N Buckeye Ave,Daisy Hill,VIC,3465,325748915,415341310,cleveston@gmail.com,Chara Leveston,C,53
Triangle Engineering Inc,01/09/1970,"$240,038.7969",41 E Jackson St,Willetton,WA,6155,827043706,476605889,lhuntsberger@huntsberger.net.au,Lauran Huntsberger,C,54
"Schmidt, Charles E Jr",13/01/1970,"$186,562.0938",684 William St,Tarnagulla,VIC,3551,332334255,467468894,pansy_todesco@gmail.com,Pansy Todesco,C,54
Emess Professional Svces,03/04/1970,"$714,198.9375",185 W Guadalupe Rd,Steels Creek,VIC,3775,374166750,436793916,georgeanna@silverstone.net.au,Georgeanna Silverstone,C,54
"White, Mark A Cpa",11/03/1970,"$348,774.7812",18514 E 4th St #8,Broken Head,NSW,2481,244185927,467331796,jesus.liversedge@hotmail.com,Jesus Liversedge,C,54
Vicon Corporation,03/12/1970,"$651,809.4375",28 Standiford Ave #6,Bundaberg West,QLD,4670,760735039,481690589,jamey.tetter@gmail.com,Jamey Tetter,C,53
Turl Engineering Works,17/07/1970,"$79,608.6641",33108 S Yosemite Ct,Port Melbourne,VIC,3207,312488221,491832907,alberta_motter@hotmail.com,Alberta Motter,B,54
Deep Creek Pharmacy,06/10/1970,"$612,593.1875",73778 Battery St,Happy Valley,SA,5159,833055436,457126909,ronald.grube@yahoo.com,Ronald Grube,C,54
Mister Bagel,12/09/1970,"$516,335.1250",351 Crooks Rd,Benambra,VIC,3900,336952399,432182830,tamala_hickie@yahoo.com,Tamala Hickie,C,54
Howard Winig Realty Assocs Inc,11/03/1970,"$275,689.9375",8 Glenn Way #3,Brockman,WA,6701,813992471,490947955,gerry_mohrmann@mohrmann.net.au,Gerry Mohrmann,C,54
"Jordan, Mark D Esq",20/05/1970,"$758,762.8750",8 W Virginia St,Amphitheatre,VIC,3468,337256290,494282122,ikueter@kueter.com.au,Isaiah Kueter,C,54
Marin Sun Printing,09/05/1970,"$767,675.6875",65484 Bainbridge Rd,Penrith,NSW,2750,279472980,488624111,moverbough@overbough.com.au,Magnolia Overbough,C,54
"Verde, Louis J Esq",21/11/1970,"$277,472.5000",156 Morris St,Darke Peak,SA,5642,822645559,490128503,ngoc_guglielmina@hotmail.com,Ngoc Guglielmina,C,53
Convum Internatl Corp,11/03/1970,"$434,337.5000",1881 Market St,Mole Creek,TAS,7304,310369594,451946241,julene.lauretta@gmail.com,Julene Lauretta,C,54
Thomas Torto Constr Corp,24/03/1970,"$248,951.5781",6 Kings St #4790,Emerald Beach,NSW,2456,237133646,451383562,magda_lindbeck@yahoo.com,Magda Lindbeck,C,54
Astromatic,16/02/1970,"$594,767.6250",9787 Dunksferry Rd,Logan Village,QLD,4207,753465917,459937449,shantell.lizama@gmail.com,Shantell Lizama,C,54
Kuhio Photo,20/05/1970,"$133,085.3750",13 Blanchard St #996,Coober Pedy,SA,5723,897572379,426175813,audria.piccinich@gmail.com,Audria Piccinich,C,54
Lehigh Furn Divsn Lehigh,31/05/1970,"$416,511.9375",2 Pompton Ave,Berowra Heights,NSW,2082,255736627,480120597,nderenzis@hotmail.com,Nickole Derenzis,C,54
Okon Inc,13/06/1970,"$801,544.2500",2867 Industrial Way,Innaloo,WA,6018,877853040,447228633,grover.reynolds@gmail.com,Grover Reynolds,C,54
"Postlewaite, Jack A Esq",18/07/1970,"$737,372.1875",850 Warwick Blvd #58,Leeman,WA,6514,839877521,457212114,rocco@yahoo.com,Rocco Bergstrom,C,54
Regent Consultants Corp,29/07/1970,"$375,513.1250",2 Ellis Rd,East Damboring,WA,6608,882809492,488425192,ethan_quintero@quintero.com.au,Ethan Quintero,C,54
Hinkson Cooper Weaver Inc,31/05/1970,"$298,863.1875",80 Monroe St,Kinglake West,VIC,3757,310517865,451639283,glynda@sanzenbacher.com.au,Glynda Sanzenbacher,C,54
Spclty Fastening Systems Inc,21/08/1970,"$903,150.0000",71089 Queens Blvd,Canning Vale,WA,6155,821362433,472691355,yolande@yahoo.com,Yolande Scrimsher,C,54
"Rudolph, William S Cpa",14/09/1970,"$170,519.0781",66094 Pioneer Rd,Upper Glastonbury,QLD,4570,752357319,451406157,twanna@yahoo.com,Twanna Sieber,C,54
Choo Choo Caboose At Jade Bbq,28/02/1970,"$129,520.2656",66 Congress St,Caroline Springs,VIC,3023,395994122,438478951,rosenda@gmail.com,Rosenda Petteway,C,54
Anthony & Langford,24/09/1970,"$776,588.4375",44 105th Ave,Hunchy,QLD,4555,741193981,415135989,lacey.francis@francis.net.au,Lacey Francis,C,54
Shapiro Bag Company,05/07/1970,"$93,869.1250",40809 Rockburn Hill Rd,Hamlyn Terrace,NSW,2259,287274906,441386796,cordie.meikle@hotmail.com,Cordie Meikle,B,54
Lescure Company Inc,24/01/1970,"$74,260.9922",9 Green Rd #5877,Darbys Falls,NSW,2793,261188773,447563450,annalee.graleski@hotmail.com,Annalee Graleski,B,54
"Higgins, Daniel B Esq",12/03/1970,"$125,955.1484",63 W 41st Ave #93,Pinnacle,QLD,4741,735119233,480125331,dana@ladeau.net.au,Dana Ladeau,C,54
Dot Pitch Electronics,03/12/1970,"$653,592.0000",2 Stirrup Dr #4907,Carlsruhe,VIC,3442,348113832,494517582,wai.raddle@raddle.com.au,Wai Raddle,C,53
Henri D Kahn Insurance,12/03/1970,"$311,341.0625",19 Court St,Paulls Valley,WA,6076,865797569,442561392,johana@conquest.net.au,Johana Conquest,C,54
Test Tools Inc,16/04/1970,"$521,682.8125",3 Hwy 61 #2491,Mirani,QLD,4754,715364805,473757584,tomas_fults@fults.net.au,Tomas Fults,C,54
Rachmel & Company Cpa Pa,29/07/1970,"$158,041.1719",97539 Connecticut Ave Nw #3586,Buckland,TAS,7190,366988416,432184936,karon@hotmail.com,Karon Etzler,C,54
Hermann Assocs Inc Safe Mart,13/06/1970,"$585,854.8750",59 Murray Hill Pky,Mitta Mitta,VIC,3701,315606800,417833905,delbert.houben@hotmail.com,Delbert Houben,C,54
Palmer Publications Inc,29/07/1970,"$828,282.6250",15 W 11mile Rd,Boat Harbour Beach,TAS,7321,353549557,467120854,ashleigh.rimmer@hotmail.com,Ashleigh Rimmer,C,54
Southern Imperial Inc,21/11/1970,"$887,107.0000",709 New Market St,Botany,NSW,1455,250592649,419730349,nmckenna@yahoo.com,Nenita Mckenna,C,53
United Water Resources Inc,21/11/1970,"$159,823.7344",324 Shawnee Mission Pky,Scaddan,WA,6447,862706829,432703516,mshear@hotmail.com,Micah Shear,C,53
"Burke, Jonathan H Esq",17/07/1970,"$683,895.5000",37 Saint Louis Ave #292,Lenswood,SA,5240,822098647,474975307,stefany@figueras.net.au,Stefany Figueras,C,54
Nurses Ofr Newborns,21/11/1970,"$256,081.8125",80289 Victory Ave #9,Farrell Flat,SA,5416,882223171,422183541,rene@burnsworth.net.au,Rene Burnsworth,C,53
Para Laboratories,02/09/1970,"$723,111.7500",16 Governors Dr Sw,Melrose,SA,5483,877188495,419720227,cary.orazine@hotmail.com,Cary Orazine,C,54
New Orleans Credit Service Inc,24/01/1970,"$926,323.2500",4 E Aven #284,Freemans Waterhole,NSW,2323,298284921,449668295,micheal.ocken@ocken.net.au,Micheal Ocken,C,54
Signs By Berry,21/08/1970,"$291,732.9375",262 8th St,Simpsons Bay,TAS,7150,348007102,466921460,frederick.tamburello@hotmail.com,Frederick Tamburello,C,54
"Saum, Scott J Esq",12/06/1970,"$318,471.3125",79 State Route 35,Ripponlea,VIC,3185,364384586,448770746,burma.noa@gmail.com,Burma Noa,C,54
"Ulrich, Lawrence M Esq",24/09/1970,"$913,845.3125",75 Blackington Ave,North Cascade,WA,6445,851753585,476917926,cherry_roh@yahoo.com,Cherry Roh,C,54
Stewart Levine & Davis,05/07/1970,"$799,761.6875",6 Abbott Rd,Ensay,VIC,3895,326896049,460834526,gabriele_frabotta@gmail.com,Gabriele Frabotta,C,54
Bark Eater Inn,13/01/1970,"$384,425.9062",5159 Saint Ann St,Golden Point,VIC,3451,327754083,485660179,clement@hotmail.com,Clement Chee,C,54
"Reich, Richard J Esq",28/04/1970,"$949,496.5000",26 Ripley St #5444,Middle Cove,NSW,2068,256303114,469490273,bapodace@gmail.com,Beckie Apodace,C,54
Kappus Co,03/12/1970,"$288,167.8438",39828 Abbott Rd,Waterfront Place,QLD,4001,790325149,418429485,cfowlkes@hotmail.com,Catrice Fowlkes,C,53
"Terri, Teresa Hutchens Esq",29/10/1970,"$68,913.3281",2495 Beach Blvd #557,Buraminya,WA,6452,868316370,416611806,richelle.remillard@remillard.net.au,Richelle Remillard,B,53
Hong Iwai Hulbert & Kawano,13/09/1970,"$464,640.9688",3 Bustleton Ave,Balnagowan,QLD,4740,756267937,476736800,cherri_miccio@gmail.com,Cherri Miccio,C,54
Fraser Dante Ltd,12/01/1970,"$630,418.7500",7 N 4th St,Lower Cressbrook,QLD,4313,722092731,436606487,dtaketa@taketa.net.au,Dorethea Taketa,C,54
Die Craft Stamping,24/03/1970,"$658,939.6875",1 National Plac #6619,Larrakeyah,NT,820,885067259,443657148,blatina@hotmail.com,Barb Latina,C,54
"Sako, Bradley T Esq",24/01/1970,"$808,674.5000",248 Academy Rd,Middleton,TAS,7163,394242956,420742142,bmeray@yahoo.com,Bettye Meray,C,54
Country Comfort,17/07/1970,"$371,948.0000",2 State Hwy,Oak Flats,NSW,2529,240744461,417795558,sherrell_sprowl@hotmail.com,Sherrell Sprowl,C,54
Amberley Suite Hotels,15/12/1970,"$514,552.5625",6 W Cornelia Ave,Orange Hill,QLD,4455,751288956,428843553,ruth.niglio@hotmail.com,Ruth Niglio,C,53
Warren Leadership,13/09/1970,"$685,678.0625",461 S Fannin Ave,Welshpool,WA,6106,883294211,471940163,alva@gmail.com,Alva Shoulders,C,54
"Alexander, David T Esq",13/01/1970,"$338,079.4375",51255 Tea Town Rd #9,Minnenooka,WA,6532,860691579,499165889,carri_palaspas@palaspas.net.au,Carri Palaspas,C,54
Fairfield Inn By Marriott,17/07/1970,"$673,200.1250",93 Bloomfield Ave #829,Wagga Wagga South,NSW,2650,211573829,485105744,onita.milbrandt@milbrandt.com.au,Onita Milbrandt,C,54
Skyline Lodge & Restaurant,21/08/1970,"$425,424.7188",5775 Mechanic St #517,Wansbrough,WA,6320,888785994,422775760,jsarp@hotmail.com,Jessenia Sarp,C,54
Aviation Design,03/12/1970,"$60,000.5391",3 Industrial Blvd,Pintharuka,WA,6623,843261560,484192990,tperessini@yahoo.com,Tricia Peressini,B,53
"Malmon, Alvin S Esq",06/10/1970,"$289,950.4062",8202 Cornwall Rd,Eumundi,QLD,4562,720316566,438847885,stephaine_manin@yahoo.com,Stephaine Manin,C,54
Transit Cargo Services Inc,03/12/1970,"$257,864.3594",53597 W Clarendon Ave,Halton,NSW,2311,225018301,444376606,fgudgel@gudgel.com.au,Florinda Gudgel,C,53
Comfort Inn Of Revere,20/05/1970,"$906,715.1250",577 Cleveland Ave,Glenmore Park,NSW,2745,254028024,470386894,marsha@farnham.com.au,Marsha Farnham,C,54
Duncan & Associates,06/10/1970,"$232,908.5625",259 1st Ave,Mccutcheon,QLD,4856,754046221,493826469,josefa_oakland@oakland.com.au,Josefa Oakland,C,54
Philip Kingsley Trichological,17/02/1970,"$181,214.4219",79 Mechanic St,Pimpimbudgee,QLD,4615,763825073,440980784,deeann_nicklous@gmail.com,Deeann Nicklous,C,54
Burlington Homes Of Maine,14/12/1970,"$940,583.6875",269 Executive Dr,Ilford,NSW,2850,282229319,435530318,jvonstaden@gmail.com,Jeannetta Vonstaden,C,53
"Carson, Scott W Esq",10/11/1970,"$117,042.3672",79 Runamuck Pl,Caparra,NSW,2429,217068506,427106677,desmond@hotmail.com,Desmond Amuso,C,53
Dewitt Cnty Fed Svngs & Ln,12/01/1970,"$487,814.2188",31 Guilford Rd #7904,Duaringa,QLD,4712,759221983,495376112,tbakey@bakey.com.au,Trina Bakey,C,54
Art Material Services Inc,12/03/1970,"$471,771.2188",504 Steve Dr,Weston,NSW,2326,243608467,479654997,ramonita_picotte@yahoo.com,Ramonita Picotte,C,54
Consolidated Manufacturing Inc,16/04/1970,"$494,944.4375",407 E 57th Ave,Clunes,NSW,2480,225817479,452835388,temeka.bodine@gmail.com,Temeka Bodine,C,54
Reliance Credit Union,21/05/1970,"$601,897.8750",72 W Ripley Ave,Oakey,QLD,4401,769849278,493653304,bea_iida@iida.net.au,Bea Iida,C,54
Sinclair Machine Products Inc,06/02/1970,"$124,172.5938",75 Elm Rd #1190,Barton,ACT,2600,212918182,444126746,soledad_mockus@yahoo.com,Soledad Mockus,C,54
"Kent, Wendy M Esq",28/07/1970,"$637,549.0000",32 Broadway St,Lanena,TAS,7275,397217313,442360982,margurite.okon@hotmail.com,Margurite Okon,C,54
"Dixon, Eric D Esq",16/02/1970,"$840,760.5000",41 Washington Blvd,Cora Lynn,VIC,3814,334572524,433550202,artie_saine@yahoo.com,Artie Saine,C,54
Wood Sign & Banner Co,03/12/1970,"$120,607.4766",5 Buford Hwy Ne #3,Allora,QLD,4362,713776898,426784480,major@gmail.com,Major Studwell,C,53
"Adkins, Russell Esq",09/08/1970,"$551,986.2500",6 Flex Ave,Willow Tree,NSW,2339,242025191,434402895,veronika.buchauer@buchauer.net.au,Veronika Buchauer,C,54
Danform Shoe Stores,09/11/1970,"$141,998.1562",21058 Massillon Rd,Keilor Downs,VIC,3038,336302467,451465174,christene@hotmail.com,Christene Cisney,C,53
Antietam Cable Television,07/10/1970,"$944,148.8125",28465 Downey Ave #4238,Barringun,QLD,4490,785615894,475337188,miles@hotmail.com,Miles Feldner,C,54
Lombardi Bros Inc,15/12/1970,"$650,026.8750",2803 N Catalina Ave,Pilliga,NSW,2388,269959902,464594316,julio.mikel@mikel.net.au,Julio Mikel,C,53
Nathaniel Electronics,23/06/1970,"$748,067.5625",22 Livingston Ave,Rhodes,NSW,2138,237387508,443448467,aide.ghera@ghera.com.au,Aide Ghera,C,54
"Rodriguez, Joseph A Esq",16/02/1970,"$452,163.0938",403 Conn Valley Rd,Castletown,WA,6450,837733770,454135614,noelia@brackett.net.au,Noelia Brackett,C,54
"Stilling, William J Esq",null,"$781,936.1250",5400 Market St,Turill,NSW,2850,278625151,454434110,lenora@delacruz.net.au,Lenora Delacruz,C,null
